{
  "layers_analyzed": [
    "layer_1",
    "layer_2",
    "layer_3",
    "layer_4",
    "layer_5",
    "layer_6",
    "layer_7"
  ],
  "num_layers": 7,
  "train": {
    "layer_1": {
      "h_norm": 0.41755226254463196,
      "residual_norm": 0.687673807144165,
      "residual_inf_norm": 0.687673807144165,
      "h_t_norm": 0.4852588176727295,
      "h_x_norm": 0.4402821362018585,
      "h_xx_norm": 0.5606168508529663,
      "h_tt_norm": 0.7106212377548218
    },
    "layer_2": {
      "h_norm": 0.42654499411582947,
      "residual_norm": 1.3577957153320312,
      "residual_inf_norm": 1.3577957153320312,
      "h_t_norm": 0.5457882285118103,
      "h_x_norm": 0.44858795404434204,
      "h_xx_norm": 0.7592334151268005,
      "h_tt_norm": 1.3594399690628052
    },
    "layer_3": {
      "h_norm": 0.41759243607521057,
      "residual_norm": 0.3216158449649811,
      "residual_inf_norm": 0.3216158449649811,
      "h_t_norm": 0.44043228030204773,
      "h_x_norm": 0.39762577414512634,
      "h_xx_norm": 0.45392122864723206,
      "h_tt_norm": 0.46033230423927307
    },
    "layer_4": {
      "h_norm": 0.4196532070636749,
      "residual_norm": 0.15282350778579712,
      "residual_inf_norm": 0.15282350778579712,
      "h_t_norm": 0.42919138073921204,
      "h_x_norm": 0.38892385363578796,
      "h_xx_norm": 0.42211586236953735,
      "h_tt_norm": 0.4129983186721802
    },
    "layer_5": {
      "h_norm": 0.42008256912231445,
      "residual_norm": 0.1728435456752777,
      "residual_inf_norm": 0.1728435456752777,
      "h_t_norm": 0.4259638786315918,
      "h_x_norm": 0.38951706886291504,
      "h_xx_norm": 0.4433109164237976,
      "h_tt_norm": 0.41719377040863037
    },
    "layer_6": {
      "h_norm": 0.4196036159992218,
      "residual_norm": 0.10718797892332077,
      "residual_inf_norm": 0.10718797892332077,
      "h_t_norm": 0.4166480600833893,
      "h_x_norm": 0.39317870140075684,
      "h_xx_norm": 0.42780059576034546,
      "h_tt_norm": 0.4334002137184143
    },
    "layer_7": {
      "h_norm": 0.41953009366989136,
      "residual_norm": 0.00893480610102415,
      "residual_inf_norm": 0.00893480610102415,
      "h_t_norm": 0.41805121302604675,
      "h_x_norm": 0.38882148265838623,
      "h_xx_norm": 0.41875404119491577,
      "h_tt_norm": 0.4176163971424103
    }
  },
  "eval": {
    "layer_1": {
      "h_norm": 0.4164869785308838,
      "residual_norm": 0.6874698400497437,
      "residual_inf_norm": 0.6874698400497437,
      "h_t_norm": 0.48885011672973633,
      "h_x_norm": 0.44074347615242004,
      "h_xx_norm": 0.553963840007782,
      "h_tt_norm": 0.7105233669281006
    },
    "layer_2": {
      "h_norm": 0.42341434955596924,
      "residual_norm": 1.37049400806427,
      "residual_inf_norm": 1.37049400806427,
      "h_t_norm": 0.5448973178863525,
      "h_x_norm": 0.4470304846763611,
      "h_xx_norm": 0.7685279846191406,
      "h_tt_norm": 1.3649556636810303
    },
    "layer_3": {
      "h_norm": 0.4156958758831024,
      "residual_norm": 0.3242541551589966,
      "residual_inf_norm": 0.3242541551589966,
      "h_t_norm": 0.44157060980796814,
      "h_x_norm": 0.3976415991783142,
      "h_xx_norm": 0.45585018396377563,
      "h_tt_norm": 0.4681432247161865
    },
    "layer_4": {
      "h_norm": 0.4172261357307434,
      "residual_norm": 0.1546633541584015,
      "residual_inf_norm": 0.1546633541584015,
      "h_t_norm": 0.43019169569015503,
      "h_x_norm": 0.3877931833267212,
      "h_xx_norm": 0.41909605264663696,
      "h_tt_norm": 0.4130253195762634
    },
    "layer_5": {
      "h_norm": 0.4173678755760193,
      "residual_norm": 0.17612139880657196,
      "residual_inf_norm": 0.17612139880657196,
      "h_t_norm": 0.4267439842224121,
      "h_x_norm": 0.3887001872062683,
      "h_xx_norm": 0.43888846039772034,
      "h_tt_norm": 0.41342097520828247
    },
    "layer_6": {
      "h_norm": 0.41712522506713867,
      "residual_norm": 0.1087595596909523,
      "residual_inf_norm": 0.1087595596909523,
      "h_t_norm": 0.417930006980896,
      "h_x_norm": 0.39233383536338806,
      "h_xx_norm": 0.4261796176433563,
      "h_tt_norm": 0.4319879412651062
    },
    "layer_7": {
      "h_norm": 0.41676971316337585,
      "residual_norm": 0.008938333950936794,
      "residual_inf_norm": 0.008938333950936794,
      "h_t_norm": 0.41861215233802795,
      "h_x_norm": 0.38823139667510986,
      "h_xx_norm": 0.4163048565387726,
      "h_tt_norm": 0.41516003012657166
    }
  },
  "layer_norms": {
    "layer_1": {
      "train_residual_l2": 0.687673807144165,
      "eval_residual_l2": 0.6874698400497437,
      "train_residual_linf": 0.687673807144165,
      "eval_residual_linf": 0.6874698400497437
    },
    "layer_2": {
      "train_residual_l2": 1.3577957153320312,
      "eval_residual_l2": 1.37049400806427,
      "train_residual_linf": 1.3577957153320312,
      "eval_residual_linf": 1.37049400806427
    },
    "layer_3": {
      "train_residual_l2": 0.3216158449649811,
      "eval_residual_l2": 0.3242541551589966,
      "train_residual_linf": 0.3216158449649811,
      "eval_residual_linf": 0.3242541551589966
    },
    "layer_4": {
      "train_residual_l2": 0.15282350778579712,
      "eval_residual_l2": 0.1546633541584015,
      "train_residual_linf": 0.15282350778579712,
      "eval_residual_linf": 0.1546633541584015
    },
    "layer_5": {
      "train_residual_l2": 0.1728435456752777,
      "eval_residual_l2": 0.17612139880657196,
      "train_residual_linf": 0.1728435456752777,
      "eval_residual_linf": 0.17612139880657196
    },
    "layer_6": {
      "train_residual_l2": 0.10718797892332077,
      "eval_residual_l2": 0.1087595596909523,
      "train_residual_linf": 0.10718797892332077,
      "eval_residual_linf": 0.1087595596909523
    },
    "layer_7": {
      "train_residual_l2": 0.00893480610102415,
      "eval_residual_l2": 0.008938333950936794,
      "train_residual_linf": 0.00893480610102415,
      "eval_residual_linf": 0.008938333950936794
    }
  },
  "ic": {
    "train": {
      "layer_1": {
        "l2": 0.18082524836063385,
        "linf": 0.18082524836063385
      },
      "layer_2": {
        "l2": 0.28849682211875916,
        "linf": 0.28849682211875916
      },
      "layer_3": {
        "l2": 0.04689221456646919,
        "linf": 0.04689221456646919
      },
      "layer_4": {
        "l2": 0.0320771262049675,
        "linf": 0.0320771262049675
      },
      "layer_5": {
        "l2": 0.015791574493050575,
        "linf": 0.015791574493050575
      },
      "layer_6": {
        "l2": 0.026524333283305168,
        "linf": 0.026524333283305168
      },
      "layer_7": {
        "l2": 0.001114971237257123,
        "linf": 0.001114971237257123
      }
    },
    "eval": {
      "layer_1": {
        "l2": 0.17229537665843964,
        "linf": 0.17229537665843964
      },
      "layer_2": {
        "l2": 0.2501250207424164,
        "linf": 0.2501250207424164
      },
      "layer_3": {
        "l2": 0.04552120342850685,
        "linf": 0.04552120342850685
      },
      "layer_4": {
        "l2": 0.03663964942097664,
        "linf": 0.03663964942097664
      },
      "layer_5": {
        "l2": 0.011973358690738678,
        "linf": 0.011973358690738678
      },
      "layer_6": {
        "l2": 0.028487995266914368,
        "linf": 0.028487995266914368
      },
      "layer_7": {
        "l2": 0.0010120996739715338,
        "linf": 0.0010120996739715338
      }
    }
  },
  "bc_value": {
    "train": {
      "layer_1": {
        "l2": 0.18360364437103271,
        "linf": 0.18360364437103271
      },
      "layer_2": {
        "l2": 0.14105549454689026,
        "linf": 0.14105549454689026
      },
      "layer_3": {
        "l2": 0.05539574474096298,
        "linf": 0.05539574474096298
      },
      "layer_4": {
        "l2": 0.025393929332494736,
        "linf": 0.025393929332494736
      },
      "layer_5": {
        "l2": 0.03140447288751602,
        "linf": 0.03140447288751602
      },