{
  "layers_analyzed": [
    "layer_1",
    "layer_2",
    "layer_3",
    "layer_4",
    "layer_5"
  ],
  "num_layers": 5,
  "train": {
    "rel_l2": [
      0.061659034341573715,
      0.058807652443647385,
      0.019363204017281532,
      0.019407054409384727,
      0.006016328930854797
    ],
    "inf_norm": [
      0.4445759057998657,
      0.4391828775405884,
      0.14278841018676758,
      0.08357912302017212,
      0.02107524871826172
    ]
  },
  "eval": {
    "rel_l2": [
      0.06257007271051407,
      0.05884319543838501,
      0.019462384283542633,
      0.019468367099761963,
      0.006011290941387415
    ],
    "inf_norm": [
      0.41275620460510254,
      0.400213360786438,
      0.10782620310783386,
      0.08357912302017212,
      0.017654895782470703
    ]
  },
  "layer_dimensions": {
    "layer_1": 100,
    "layer_2": 100,
    "layer_3": 100,
    "layer_4": 100,
    "layer_5": 100
  }
}