{
  "bins": 5,
  "num_classes": 5,
  "num_samples": 4000,
  "layers_analyzed": [
    "layer_1",
    "layer_2",
    "layer_3",
    "layer_4",
    "layer_5",
    "layer_6",
    "layer_7"
  ],
  "layer_accuracies": {
    "layer_1": 0.23825,
    "layer_2": 0.2865,
    "layer_3": 0.35325,
    "layer_4": 0.41625,
    "layer_5": 0.4375,
    "layer_6": 0.47425,
    "layer_7": 0.48725
  },
  "layer_compactness": {
    "layer_1": {
      "intra_class": 0.4300487995147705,
      "intra_class_std": 0.21630805208706885,
      "inter_class_mean": 0.3167217969894409,
      "inter_class_std": 0.3209439516067505
    },
    "layer_2": {
      "intra_class": 0.25151734352111815,
      "intra_class_std": 0.12641375635036048,
      "inter_class_mean": 0.19215939939022064,
      "inter_class_std": 0.16820082068443298
    },
    "layer_3": {
      "intra_class": 0.2628302276134491,
      "intra_class_std": 0.1320175191156423,
      "inter_class_mean": 0.2353866845369339,
      "inter_class_std": 0.17910407483577728
    },
    "layer_4": {
      "intra_class": 0.3040649116039276,
      "intra_class_std": 0.1528134618755277,
      "inter_class_mean": 0.3042733371257782,
      "inter_class_std": 0.20892786979675293
    },
    "layer_5": {
      "intra_class": 0.37239775657653806,
      "intra_class_std": 0.18670910852300437,
      "inter_class_mean": 0.3727206289768219,
      "inter_class_std": 0.24917809665203094
    },
    "layer_6": {
      "intra_class": 0.3991502046585083,
      "intra_class_std": 0.20005193315729314,
      "inter_class_mean": 0.4150630533695221,
      "inter_class_std": 0.27016013860702515
    },
    "layer_7": {
      "intra_class": 0.35880122184753416,
      "intra_class_std": 0.17968526486351097,
      "inter_class_mean": 0.3874450922012329,
      "inter_class_std": 0.2515731155872345
    }
  },
  "layer_margins": {
    "layer_1": {
      "mean_margin": -0.11362481862306595,
      "std_margin": 0.18650346994400024,
      "fraction_positive": 0.23825
    },
    "layer_2": {
      "mean_margin": -0.03935244679450989,
      "std_margin": 0.07798375189304352,
      "fraction_positive": 0.2865
    },
    "layer_3": {
      "mean_margin": -0.029082154855132103,
      "std_margin": 0.07378126680850983,
      "fraction_positive": 0.35325
    },
    "layer_4": {
      "mean_margin": -0.028262868523597717,
      "std_margin": 0.08569564670324326,
      "fraction_positive": 0.41625
    },
    "layer_5": {
      "mean_margin": -0.035499732941389084,
      "std_margin": 0.11036595702171326,
      "fraction_positive": 0.4375
    },
    "layer_6": {
      "mean_margin": -0.03477916494011879,
      "std_margin": 0.11573877930641174,
      "fraction_positive": 0.47425
    },
    "layer_7": {
      "mean_margin": -0.04102455824613571,
      "std_margin": 0.1269616335630417,
      "fraction_positive": 0.48725
    }
  }
}