{
  "layers_analyzed": [
    "layer_1",
    "layer_2",
    "layer_3",
    "layer_4",
    "layer_5"
  ],
  "num_layers": 5,
  "train": {
    "rel_l2": [
      0.054150015115737915,
      0.020562320947647095,
      0.0029422708321362734,
      0.0006659799837507308,
      0.002940363483503461
    ],
    "inf_norm": [
      0.24046528339385986,
      0.11729612201452255,
      0.012204587459564209,
      0.0030968189239501953,
      0.009645968675613403
    ]
  },
  "eval": {
    "rel_l2": [
      0.05411732569336891,
      0.02057388797402382,
      0.0029326279181987047,
      0.0006697432254441082,
      0.0029233370441943407
    ],
    "inf_norm": [
      0.21972334384918213,
      0.11718219518661499,
      0.011220395565032959,
      0.002762436866760254,
      0.009091350249946117
    ]
  },
  "layer_dimensions": {
    "layer_1": 100,
    "layer_2": 100,
    "layer_3": 100,
    "layer_4": 100,
    "layer_5": 100
  }
}