{
  "layers_analyzed": [
    "layer_1",
    "layer_2",
    "layer_3",
    "layer_4",
    "layer_5",
    "layer_6",
    "layer_7"
  ],
  "num_layers": 7,
  "train": {
    "layer_1": {
      "h_norm": 0.43702930212020874,
      "residual_norm": 0.723972737789154,
      "residual_inf_norm": 0.723972737789154,
      "h_t_norm": 0.5331395864486694,
      "h_x_norm": 0.4886441230773926,
      "h_xx_norm": 0.8092948198318481,
      "h_tt_norm": 0.9239248037338257
    },
    "layer_2": {
      "h_norm": 0.41660118103027344,
      "residual_norm": 0.27932634949684143,
      "residual_inf_norm": 0.27932634949684143,
      "h_t_norm": 0.44445791840553284,
      "h_x_norm": 0.4005044996738434,
      "h_xx_norm": 0.4108230173587799,
      "h_tt_norm": 0.4616753160953522
    },
    "layer_3": {
      "h_norm": 0.4173215925693512,
      "residual_norm": 0.20558424293994904,
      "residual_inf_norm": 0.20558424293994904,
      "h_t_norm": 0.4378829896450043,
      "h_x_norm": 0.391223669052124,
      "h_xx_norm": 0.422048419713974,
      "h_tt_norm": 0.39821287989616394
    },
    "layer_4": {
      "h_norm": 0.4200138747692108,
      "residual_norm": 0.19085189700126648,
      "residual_inf_norm": 0.19085189700126648,
      "h_t_norm": 0.4320427477359772,
      "h_x_norm": 0.3902534544467926,
      "h_xx_norm": 0.437518835067749,
      "h_tt_norm": 0.4006084203720093
    },
    "layer_5": {
      "h_norm": 0.42055919766426086,
      "residual_norm": 0.17209114134311676,
      "residual_inf_norm": 0.17209114134311676,
      "h_t_norm": 0.42592984437942505,
      "h_x_norm": 0.39126262068748474,
      "h_xx_norm": 0.4391423463821411,
      "h_tt_norm": 0.4081852436065674
    },
    "layer_6": {
      "h_norm": 0.4195391833782196,
      "residual_norm": 0.08152123540639877,
      "residual_inf_norm": 0.08152123540639877,
      "h_t_norm": 0.41948115825653076,
      "h_x_norm": 0.39086613059043884,
      "h_xx_norm": 0.42834797501564026,
      "h_tt_norm": 0.41887956857681274
    },
    "layer_7": {
      "h_norm": 0.4194078743457794,
      "residual_norm": 0.018917249515652657,
      "residual_inf_norm": 0.018917249515652657,
      "h_t_norm": 0.418535441160202,
      "h_x_norm": 0.3888060748577118,
      "h_xx_norm": 0.416085809469223,
      "h_tt_norm": 0.41741031408309937
    }
  },
  "eval": {
    "layer_1": {
      "h_norm": 0.43692439794540405,
      "residual_norm": 0.7370272874832153,
      "residual_inf_norm": 0.7370272874832153,
      "h_t_norm": 0.5306878685951233,
      "h_x_norm": 0.4897529184818268,
      "h_xx_norm": 0.8140615224838257,
      "h_tt_norm": 0.9356397986412048
    },
    "layer_2": {
      "h_norm": 0.41438040137290955,
      "residual_norm": 0.28763654828071594,
      "residual_inf_norm": 0.28763654828071594,
      "h_t_norm": 0.44690626859664917,
      "h_x_norm": 0.40105801820755005,
      "h_xx_norm": 0.4045604169368744,
      "h_tt_norm": 0.4681316614151001
    },
    "layer_3": {
      "h_norm": 0.41503775119781494,
      "residual_norm": 0.20564065873622894,
      "residual_inf_norm": 0.20564065873622894,
      "h_t_norm": 0.43889033794403076,
      "h_x_norm": 0.39117276668548584,
      "h_xx_norm": 0.42103061079978943,
      "h_tt_norm": 0.39953702688217163
    },
    "layer_4": {
      "h_norm": 0.41771039366722107,
      "residual_norm": 0.1924906224012375,
      "residual_inf_norm": 0.1924906224012375,
      "h_t_norm": 0.43331435322761536,
      "h_x_norm": 0.38908037543296814,
      "h_xx_norm": 0.43543606996536255,
      "h_tt_norm": 0.4000476896762848
    },
    "layer_5": {
      "h_norm": 0.4178662896156311,
      "residual_norm": 0.17458488047122955,
      "residual_inf_norm": 0.17458488047122955,
      "h_t_norm": 0.42693161964416504,
      "h_x_norm": 0.3908878564834595,
      "h_xx_norm": 0.43419578671455383,
      "h_tt_norm": 0.4047873616218567
    },
    "layer_6": {
      "h_norm": 0.4169396460056305,
      "residual_norm": 0.08266346156597137,
      "residual_inf_norm": 0.08266346156597137,
      "h_t_norm": 0.4204756021499634,
      "h_x_norm": 0.3900749981403351,
      "h_xx_norm": 0.4268423616886139,
      "h_tt_norm": 0.4169524312019348
    },
    "layer_7": {
      "h_norm": 0.41666632890701294,
      "residual_norm": 0.018903665244579315,
      "residual_inf_norm": 0.018903665244579315,
      "h_t_norm": 0.4190375506877899,
      "h_x_norm": 0.3883489668369293,
      "h_xx_norm": 0.4138396382331848,
      "h_tt_norm": 0.4148904085159302
    }
  },
  "layer_norms": {
    "layer_1": {
      "train_residual_l2": 0.723972737789154,
      "eval_residual_l2": 0.7370272874832153,
      "train_residual_linf": 0.723972737789154,
      "eval_residual_linf": 0.7370272874832153
    },
    "layer_2": {
      "train_residual_l2": 0.27932634949684143,
      "eval_residual_l2": 0.28763654828071594,
      "train_residual_linf": 0.27932634949684143,
      "eval_residual_linf": 0.28763654828071594
    },
    "layer_3": {
      "train_residual_l2": 0.20558424293994904,
      "eval_residual_l2": 0.20564065873622894,
      "train_residual_linf": 0.20558424293994904,
      "eval_residual_linf": 0.20564065873622894
    },
    "layer_4": {
      "train_residual_l2": 0.19085189700126648,
      "eval_residual_l2": 0.1924906224012375,
      "train_residual_linf": 0.19085189700126648,
      "eval_residual_linf": 0.1924906224012375
    },
    "layer_5": {
      "train_residual_l2": 0.17209114134311676,
      "eval_residual_l2": 0.17458488047122955,
      "train_residual_linf": 0.17209114134311676,
      "eval_residual_linf": 0.17458488047122955
    },
    "layer_6": {
      "train_residual_l2": 0.08152123540639877,
      "eval_residual_l2": 0.08266346156597137,
      "train_residual_linf": 0.08152123540639877,
      "eval_residual_linf": 0.08266346156597137
    },
    "layer_7": {
      "train_residual_l2": 0.018917249515652657,
      "eval_residual_l2": 0.018903665244579315,
      "train_residual_linf": 0.018917249515652657,
      "eval_residual_linf": 0.018903665244579315
    }
  },
  "ic": {
    "train": {
      "layer_1": {
        "l2": 0.16997767984867096,
        "linf": 0.16997767984867096
      },
      "layer_2": {
        "l2": 0.06963951885700226,
        "linf": 0.06963951885700226
      },
      "layer_3": {
        "l2": 0.03130413219332695,
        "linf": 0.03130413219332695
      },
      "layer_4": {
        "l2": 0.038560472428798676,
        "linf": 0.038560472428798676
      },
      "layer_5": {
        "l2": 0.02487880177795887,
        "linf": 0.02487880177795887
      },
      "layer_6": {
        "l2": 0.016309935599565506,
        "linf": 0.016309935599565506
      },
      "layer_7": {
        "l2": 0.0034454918932169676,
        "linf": 0.0034454918932169676
      }
    },
    "eval": {
      "layer_1": {
        "l2": 0.18344789743423462,
        "linf": 0.18344789743423462
      },
      "layer_2": {
        "l2": 0.08224242180585861,
        "linf": 0.08224242180585861
      },
      "layer_3": {
        "l2": 0.02782357856631279,
        "linf": 0.02782357856631279
      },
      "layer_4": {
        "l2": 0.04357682168483734,
        "linf": 0.04357682168483734
      },
      "layer_5": {
        "l2": 0.024613745510578156,
        "linf": 0.024613745510578156
      },
      "layer_6": {
        "l2": 0.01808568648993969,
        "linf": 0.01808568648993969
      },
      "layer_7": {
        "l2": 0.003889957442879677,
        "linf": 0.003889957442879677
      }
    }
  },
  "bc_value": {
    "train": {
      "layer_1": {
        "l2": 0.22386184334754944,
        "linf": 0.22386184334754944
      },
      "layer_2": {
        "l2": 0.0694737434387207,
        "linf": 0.0694737434387207
      },
      "layer_3": {
        "l2": 0.04051855951547623,
        "linf": 0.04051855951547623
      },
      "layer_4": {
        "l2": 0.02887021005153656,
        "linf": 0.02887021005153656
      },
      "layer_5": {
        "l2": 0.03551233187317848,
        "linf": 0.03551233187317848
      },