{
  "layers_analyzed": [
    "layer_1",
    "layer_2",
    "layer_3",
    "layer_4",
    "layer_5",
    "layer_6",
    "layer_7"
  ],
  "num_layers": 7,
  "train": {
    "layer_1": {
      "h_norm": 0.4169309735298157,
      "residual_norm": 0.34136852622032166,
      "residual_inf_norm": 0.34136852622032166,
      "h_t_norm": 0.44573211669921875,
      "h_x_norm": 0.42038780450820923,
      "h_xx_norm": 0.4361804723739624,
      "h_tt_norm": 0.48358726501464844
    },
    "layer_2": {
      "h_norm": 0.4172886908054352,
      "residual_norm": 0.4893436133861542,
      "residual_inf_norm": 0.4893436133861542,
      "h_t_norm": 0.45685696601867676,
      "h_x_norm": 0.40983447432518005,
      "h_xx_norm": 0.4824050962924957,
      "h_tt_norm": 0.5632781386375427
    },
    "layer_3": {
      "h_norm": 0.4180775284767151,
      "residual_norm": 0.4706698954105377,
      "residual_inf_norm": 0.4706698954105377,
      "h_t_norm": 0.45705386996269226,
      "h_x_norm": 0.41412553191185,
      "h_xx_norm": 0.4654957056045532,
      "h_tt_norm": 0.5424224138259888
    },
    "layer_4": {
      "h_norm": 0.41722989082336426,
      "residual_norm": 0.19404393434524536,
      "residual_inf_norm": 0.19404393434524536,
      "h_t_norm": 0.43791136145591736,
      "h_x_norm": 0.392395943403244,
      "h_xx_norm": 0.43202775716781616,
      "h_tt_norm": 0.39947065711021423
    },
    "layer_5": {
      "h_norm": 0.4198366403579712,
      "residual_norm": 0.15868841111660004,
      "residual_inf_norm": 0.15868841111660004,
      "h_t_norm": 0.4293510615825653,
      "h_x_norm": 0.38836443424224854,
      "h_xx_norm": 0.42992690205574036,
      "h_tt_norm": 0.4051726162433624
    },
    "layer_6": {
      "h_norm": 0.41928815841674805,
      "residual_norm": 0.0759057030081749,
      "residual_inf_norm": 0.0759057030081749,
      "h_t_norm": 0.42117178440093994,
      "h_x_norm": 0.3898150324821472,
      "h_xx_norm": 0.4162905216217041,
      "h_tt_norm": 0.40577149391174316
    },
    "layer_7": {
      "h_norm": 0.4194231331348419,
      "residual_norm": 0.04225106164813042,
      "residual_inf_norm": 0.04225106164813042,
      "h_t_norm": 0.42029789090156555,
      "h_x_norm": 0.3877263367176056,
      "h_xx_norm": 0.414405882358551,
      "h_tt_norm": 0.4114348292350769
    }
  },
  "eval": {
    "layer_1": {
      "h_norm": 0.4161587655544281,
      "residual_norm": 0.35113534331321716,
      "residual_inf_norm": 0.35113534331321716,
      "h_t_norm": 0.44879668951034546,
      "h_x_norm": 0.42368701100349426,
      "h_xx_norm": 0.44247543811798096,
      "h_tt_norm": 0.48904988169670105
    },
    "layer_2": {
      "h_norm": 0.4157710075378418,
      "residual_norm": 0.48508599400520325,
      "residual_inf_norm": 0.48508599400520325,
      "h_t_norm": 0.45892781019210815,
      "h_x_norm": 0.409845769405365,
      "h_xx_norm": 0.48007985949516296,
      "h_tt_norm": 0.5595597624778748
    },
    "layer_3": {
      "h_norm": 0.4170849025249481,
      "residual_norm": 0.47413647174835205,
      "residual_inf_norm": 0.47413647174835205,
      "h_t_norm": 0.45946845412254333,
      "h_x_norm": 0.4137873649597168,
      "h_xx_norm": 0.4653576910495758,
      "h_tt_norm": 0.5460111498832703
    },
    "layer_4": {
      "h_norm": 0.41442227363586426,
      "residual_norm": 0.19397900998592377,
      "residual_inf_norm": 0.19397900998592377,
      "h_t_norm": 0.43837377429008484,
      "h_x_norm": 0.39167898893356323,
      "h_xx_norm": 0.4304918646812439,
      "h_tt_norm": 0.399899959564209
    },
    "layer_5": {
      "h_norm": 0.4174756407737732,
      "residual_norm": 0.16005191206932068,
      "residual_inf_norm": 0.16005191206932068,
      "h_t_norm": 0.4307161867618561,
      "h_x_norm": 0.38796505331993103,
      "h_xx_norm": 0.42821747064590454,
      "h_tt_norm": 0.405970960855484
    },
    "layer_6": {
      "h_norm": 0.41677868366241455,
      "residual_norm": 0.07711637020111084,
      "residual_inf_norm": 0.07711637020111084,
      "h_t_norm": 0.42260080575942993,
      "h_x_norm": 0.3895229399204254,
      "h_xx_norm": 0.4144670367240906,
      "h_tt_norm": 0.40425390005111694
    },
    "layer_7": {
      "h_norm": 0.41673463582992554,
      "residual_norm": 0.043007370084524155,
      "residual_inf_norm": 0.043007370084524155,
      "h_t_norm": 0.4211452901363373,
      "h_x_norm": 0.38723331689834595,
      "h_xx_norm": 0.41129201650619507,
      "h_tt_norm": 0.40945902466773987
    }
  },
  "layer_norms": {
    "layer_1": {
      "train_residual_l2": 0.34136852622032166,
      "eval_residual_l2": 0.35113534331321716,
      "train_residual_linf": 0.34136852622032166,
      "eval_residual_linf": 0.35113534331321716
    },
    "layer_2": {
      "train_residual_l2": 0.4893436133861542,
      "eval_residual_l2": 0.48508599400520325,
      "train_residual_linf": 0.4893436133861542,
      "eval_residual_linf": 0.48508599400520325
    },
    "layer_3": {
      "train_residual_l2": 0.4706698954105377,
      "eval_residual_l2": 0.47413647174835205,
      "train_residual_linf": 0.4706698954105377,
      "eval_residual_linf": 0.47413647174835205
    },
    "layer_4": {
      "train_residual_l2": 0.19404393434524536,
      "eval_residual_l2": 0.19397900998592377,
      "train_residual_linf": 0.19404393434524536,
      "eval_residual_linf": 0.19397900998592377
    },
    "layer_5": {
      "train_residual_l2": 0.15868841111660004,
      "eval_residual_l2": 0.16005191206932068,
      "train_residual_linf": 0.15868841111660004,
      "eval_residual_linf": 0.16005191206932068
    },
    "layer_6": {
      "train_residual_l2": 0.0759057030081749,
      "eval_residual_l2": 0.07711637020111084,
      "train_residual_linf": 0.0759057030081749,
      "eval_residual_linf": 0.07711637020111084
    },
    "layer_7": {
      "train_residual_l2": 0.04225106164813042,
      "eval_residual_l2": 0.043007370084524155,
      "train_residual_linf": 0.04225106164813042,
      "eval_residual_linf": 0.043007370084524155
    }
  },
  "ic": {
    "train": {
      "layer_1": {
        "l2": 0.11797229945659637,
        "linf": 0.11797229945659637
      },
      "layer_2": {
        "l2": 0.08235301077365875,
        "linf": 0.08235301077365875
      },
      "layer_3": {
        "l2": 0.10063035786151886,
        "linf": 0.10063035786151886
      },
      "layer_4": {
        "l2": 0.03620391711592674,
        "linf": 0.03620391711592674
      },
      "layer_5": {
        "l2": 0.02529054321348667,
        "linf": 0.02529054321348667
      },
      "layer_6": {
        "l2": 0.0113908089697361,
        "linf": 0.0113908089697361
      },
      "layer_7": {
        "l2": 0.0063355290330946445,
        "linf": 0.0063355290330946445
      }
    },
    "eval": {
      "layer_1": {
        "l2": 0.11634791642427444,
        "linf": 0.11634791642427444
      },
      "layer_2": {
        "l2": 0.07310399413108826,
        "linf": 0.07310399413108826
      },
      "layer_3": {
        "l2": 0.09333255141973495,
        "linf": 0.09333255141973495
      },
      "layer_4": {
        "l2": 0.04054136201739311,
        "linf": 0.04054136201739311
      },
      "layer_5": {
        "l2": 0.02194872684776783,
        "linf": 0.02194872684776783
      },
      "layer_6": {
        "l2": 0.011442432180047035,
        "linf": 0.011442432180047035
      },
      "layer_7": {
        "l2": 0.006208944134414196,
        "linf": 0.006208944134414196
      }
    }
  },
  "bc_value": {
    "train": {
      "layer_1": {
        "l2": 0.16258206963539124,
        "linf": 0.16258206963539124
      },
      "layer_2": {
        "l2": 0.08779848366975784,
        "linf": 0.08779848366975784
      },
      "layer_3": {
        "l2": 0.12363879382610321,
        "linf": 0.12363879382610321
      },
      "layer_4": {
        "l2": 0.04304167628288269,
        "linf": 0.04304167628288269
      },
      "layer_5": {
        "l2": 0.032339658588171005,
        "linf": 0.032339658588171005
      },