{
  "bins": 5,
  "num_classes": 18,
  "num_samples": 4432,
  "layers_analyzed": [
    "layer_1",
    "layer_2",
    "layer_3"
  ],
  "layer_accuracies": {
    "layer_1": 0.35604693140794225,
    "layer_2": 0.49323104693140796,
    "layer_3": 0.5428700361010831
  },
  "layer_compactness": {
    "layer_1": {
      "intra_class": 0.13364493631325688,
      "intra_class_std": 0.16639508148777785,
      "inter_class_mean": 0.08874250203371048,
      "inter_class_std": 0.06407713890075684
    },
    "layer_2": {
      "intra_class": 0.21392882454761666,
      "intra_class_std": 0.18035294745700037,
      "inter_class_mean": 0.2348649501800537,
      "inter_class_std": 0.11957884579896927
    },
    "layer_3": {
      "intra_class": 0.28703342268054743,
      "intra_class_std": 0.19892615041503053,
      "inter_class_mean": 0.38359126448631287,
      "inter_class_std": 0.16834168136119843
    }
  },
  "layer_margins": {
    "layer_1": {
      "mean_margin": -0.00993835087865591,
      "std_margin": 0.023689178749918938,
      "fraction_positive": 0.35604693140794225
    },
    "layer_2": {
      "mean_margin": -0.005719620268791914,
      "std_margin": 0.04199959710240364,
      "fraction_positive": 0.49323104693140796
    },
    "layer_3": {
      "mean_margin": -0.0030320496298372746,
      "std_margin": 0.06104258447885513,
      "fraction_positive": 0.5428700361010831
    }
  }
}