{
  "bins": 5,
  "num_classes": 5,
  "num_samples": 4000,
  "layers_analyzed": [
    "layer_1",
    "layer_2",
    "layer_3",
    "layer_4",
    "layer_5"
  ],
  "layer_accuracies": {
    "layer_1": 0.6355,
    "layer_2": 0.85625,
    "layer_3": 0.8635,
    "layer_4": 0.871,
    "layer_5": 0.873
  },
  "layer_compactness": {
    "layer_1": {
      "intra_class": 0.09384839832782746,
      "intra_class_std": 0.047010719788161875,
      "inter_class_mean": 0.23823228478431702,
      "inter_class_std": 0.13668273389339447
    },
    "layer_2": {
      "intra_class": 0.04135621339082718,
      "intra_class_std": 0.036654336687920265,
      "inter_class_mean": 0.30433759093284607,
      "inter_class_std": 0.16477559506893158
    },
    "layer_3": {
      "intra_class": 0.03384099900722504,
      "intra_class_std": 0.028130505795924528,
      "inter_class_mean": 0.26141124963760376,
      "inter_class_std": 0.14143353700637817
    },
    "layer_4": {
      "intra_class": 0.01725470684468746,
      "intra_class_std": 0.01121917416001729,
      "inter_class_mean": 0.15064573287963867,
      "inter_class_std": 0.08503230661153793
    },
    "layer_5": {
      "intra_class": 0.011495442315936088,
      "intra_class_std": 0.007208314437490096,
      "inter_class_mean": 0.10350171476602554,
      "inter_class_std": 0.06007825583219528
    }
  },
  "layer_margins": {
    "layer_1": {
      "mean_margin": 0.022411050274968147,
      "std_margin": 0.05087932571768761,
      "fraction_positive": 0.6355
    },
    "layer_2": {
      "mean_margin": 0.06757640093564987,
      "std_margin": 0.08235134929418564,
      "fraction_positive": 0.85625
    },
    "layer_3": {
      "mean_margin": 0.06753343343734741,
      "std_margin": 0.07422012835741043,
      "fraction_positive": 0.8635
    },
    "layer_4": {
      "mean_margin": 0.04661465808749199,
      "std_margin": 0.04254382848739624,
      "fraction_positive": 0.871
    },
    "layer_5": {
      "mean_margin": 0.033264800906181335,
      "std_margin": 0.030186211690306664,
      "fraction_positive": 0.873
    }
  }
}