{
  "layers_analyzed": [
    "layer_1",
    "layer_2",
    "layer_3"
  ],
  "num_layers": 3,
  "train": {
    "rel_l2": [
      2.175968885421753,
      0.07422415167093277,
      0.005701012909412384
    ],
    "inf_norm": [
      8.601186752319336,
      0.4372488558292389,
      0.027643799781799316
    ]
  },
  "eval": {
    "rel_l2": [
      2.338223934173584,
      0.07630813866853714,
      0.005966649390757084
    ],
    "inf_norm": [
      6.664334774017334,
      0.36668676137924194,
      0.020957469940185547
    ]
  },
  "layer_dimensions": {
    "layer_1": 120,
    "layer_2": 120,
    "layer_3": 120
  }
}