{
  "layers_analyzed": [
    "layer_1",
    "layer_2",
    "layer_3",
    "layer_4",
    "layer_5"
  ],
  "num_layers": 5,
  "train": {
    "layer_1": {
      "h_norm": 0.4786675274372101,
      "residual_norm": 0.8598700165748596,
      "residual_inf_norm": 0.8598700165748596,
      "h_t_norm": 0.5884822010993958,
      "h_x_norm": 1.8835177421569824,
      "h_xx_norm": 11.490756034851074,
      "convection_norm": 0.8080960512161255
    },
    "layer_2": {
      "h_norm": 0.515759289264679,
      "residual_norm": 1.6901216506958008,
      "residual_inf_norm": 1.6901216506958008,
      "h_t_norm": 1.4446678161621094,
      "h_x_norm": 2.2108004093170166,
      "h_xx_norm": 22.732337951660156,
      "convection_norm": 1.1045005321502686
    },
    "layer_3": {
      "h_norm": 0.5337827205657959,
      "residual_norm": 0.6094232201576233,
      "residual_inf_norm": 0.6094232201576233,
      "h_t_norm": 0.6672255396842957,
      "h_x_norm": 2.024914503097534,
      "h_xx_norm": 32.897674560546875,
      "convection_norm": 1.015415072441101
    },
    "layer_4": {
      "h_norm": 0.5379136800765991,
      "residual_norm": 0.3061958849430084,
      "residual_inf_norm": 0.3061958849430084,
      "h_t_norm": 0.6138281226158142,
      "h_x_norm": 1.967005729675293,
      "h_xx_norm": 66.03697967529297,
      "convection_norm": 0.9473447799682617
    },
    "layer_5": {
      "h_norm": 0.5383505821228027,
      "residual_norm": 0.04007678106427193,
      "residual_inf_norm": 0.04007678106427193,
      "h_t_norm": 0.6129051446914673,
      "h_x_norm": 1.8613312244415283,
      "h_xx_norm": 89.3492660522461,
      "convection_norm": 0.8786811232566833
    }
  },
  "eval": {
    "layer_1": {
      "h_norm": 0.4772337079048157,
      "residual_norm": 0.8658941984176636,
      "residual_inf_norm": 0.8658941984176636,
      "h_t_norm": 0.5848042368888855,
      "h_x_norm": 1.8856066465377808,
      "h_xx_norm": 11.546374320983887,
      "convection_norm": 0.8131178617477417
    },
    "layer_2": {
      "h_norm": 0.5151368379592896,
      "residual_norm": 1.7034660577774048,
      "residual_inf_norm": 1.7034660577774048,
      "h_t_norm": 1.4494799375534058,
      "h_x_norm": 2.2295405864715576,
      "h_xx_norm": 22.946338653564453,
      "convection_norm": 1.1054672002792358
    },
    "layer_3": {
      "h_norm": 0.5343396067619324,
      "residual_norm": 0.6369195580482483,
      "residual_inf_norm": 0.6369195580482483,
      "h_t_norm": 0.6646271347999573,
      "h_x_norm": 2.0556960105895996,
      "h_xx_norm": 33.677833557128906,
      "convection_norm": 1.0352070331573486
    },
    "layer_4": {
      "h_norm": 0.538558840751648,
      "residual_norm": 0.3348357677459717,
      "residual_inf_norm": 0.3348357677459717,
      "h_t_norm": 0.6146840453147888,
      "h_x_norm": 2.0028631687164307,
      "h_xx_norm": 69.5134506225586,
      "convection_norm": 0.9824079275131226
    },
    "layer_5": {
      "h_norm": 0.5391288995742798,
      "residual_norm": 0.04328464716672897,
      "residual_inf_norm": 0.04328464716672897,
      "h_t_norm": 0.6149176359176636,
      "h_x_norm": 1.8456817865371704,
      "h_xx_norm": 90.04869842529297,
      "convection_norm": 0.8827983736991882
    }
  },
  "layer_norms": {
    "layer_1": {
      "train_residual_l2": 0.8598700165748596,
      "eval_residual_l2": 0.8658941984176636,
      "train_residual_linf": 0.8598700165748596,
      "eval_residual_linf": 0.8658941984176636
    },
    "layer_2": {
      "train_residual_l2": 1.6901216506958008,
      "eval_residual_l2": 1.7034660577774048,
      "train_residual_linf": 1.6901216506958008,
      "eval_residual_linf": 1.7034660577774048
    },
    "layer_3": {
      "train_residual_l2": 0.6094232201576233,
      "eval_residual_l2": 0.6369195580482483,
      "train_residual_linf": 0.6094232201576233,
      "eval_residual_linf": 0.6369195580482483
    },
    "layer_4": {
      "train_residual_l2": 0.3061958849430084,
      "eval_residual_l2": 0.3348357677459717,
      "train_residual_linf": 0.3061958849430084,
      "eval_residual_linf": 0.3348357677459717
    },
    "layer_5": {
      "train_residual_l2": 0.04007678106427193,
      "eval_residual_l2": 0.04328464716672897,
      "train_residual_linf": 0.04007678106427193,
      "eval_residual_linf": 0.04328464716672897
    }
  },
  "ic": {
    "train": {
      "layer_1": {
        "l2": 0.10306936502456665,
        "linf": 0.10306936502456665
      },
      "layer_2": {
        "l2": 0.2331395149230957,
        "linf": 0.2331395149230957
      },
      "layer_3": {
        "l2": 0.04035835340619087,
        "linf": 0.04035835340619087
      },
      "layer_4": {
        "l2": 0.015562566928565502,
        "linf": 0.015562566928565502
      },
      "layer_5": {
        "l2": 0.0017630812944844365,
        "linf": 0.0017630812944844365
      }
    },
    "eval": {
      "layer_1": {
        "l2": 0.09889108687639236,
        "linf": 0.09889108687639236
      },
      "layer_2": {
        "l2": 0.21426427364349365,
        "linf": 0.21426427364349365
      },
      "layer_3": {
        "l2": 0.04602019488811493,
        "linf": 0.04602019488811493
      },
      "layer_4": {
        "l2": 0.019018692895770073,
        "linf": 0.019018692895770073
      },
      "layer_5": {
        "l2": 0.002071043709293008,
        "linf": 0.002071043709293008
      }
    }
  },
  "bc_value": {
    "train": {
      "layer_1": {
        "l2": 0.2072359025478363,
        "linf": 0.2072359025478363
      },
      "layer_2": {
        "l2": 0.16412948071956635,
        "linf": 0.16412948071956635
      },
      "layer_3": {
        "l2": 0.015136923640966415,
        "linf": 0.015136923640966415
      },
      "layer_4": {
        "l2": 0.0059030926786363125,
        "linf": 0.0059030926786363125
      },
      "layer_5": {
        "l2": 0.0021527179051190615,
        "linf": 0.0021527179051190615
      }
    },
    "eval": {
      "layer_1": {
        "l2": 0.1980351209640503,
        "linf": 0.1980351209640503
      },
      "layer_2": {
        "l2": 0.16318421065807343,
        "linf": 0.16318421065807343
      },
      "layer_3": {
        "l2": 0.013796348124742508,
        "linf": 0.013796348124742508
      },
      "layer_4": {
        "l2": 0.004783533979207277,
        "linf": 0.004783533979207277
      },
      "layer_5": {
        "l2": 0.0021970076486468315,
        "linf": 0.0021970076486468315
      }
    }
  },
  "bc_derivative": {
    "train": {},
    "eval": {}
  },
  "final_layer_train_residual": 0.04007678106427193,
  "final_layer_eval_residual": 0.04328464716672897,
  "final_layer_train_residual_inf": 0.04007678106427193,
  "final_layer_eval_residual_inf": 0.04328464716672897,
  "final_layer_train_ic": {
    "l2": 0.0017630812944844365,
    "linf": 0.0017630812944844365
  },
  "final_layer_eval_ic": {
    "l2": 0.002071043709293008,
    "linf": 0.002071043709293008
  },
  "final_layer_train_bc_value": {
    "l2": 0.0021527179051190615,
    "linf": 0.0021527179051190615
  },
  "final_layer_eval_bc_value": {
    "l2": 0.0021970076486468315,
    "linf": 0.0021970076486468315
  },
  "final_layer_train_bc_derivative": {},
  "final_layer_eval_bc_derivative": {}
}