{
  "bins": 5,
  "num_classes": 5,
  "num_samples": 4000,
  "layers_analyzed": [
    "layer_1",
    "layer_2",
    "layer_3",
    "layer_4",
    "layer_5"
  ],
  "layer_accuracies": {
    "layer_1": 0.50375,
    "layer_2": 0.56375,
    "layer_3": 0.571,
    "layer_4": 0.613,
    "layer_5": 0.6455
  },
  "layer_compactness": {
    "layer_1": {
      "intra_class": 0.15843111276626587,
      "intra_class_std": 0.12791935877042324,
      "inter_class_mean": 0.2748846113681793,
      "inter_class_std": 0.11549315601587296
    },
    "layer_2": {
      "intra_class": 0.3018231362104416,
      "intra_class_std": 0.2426466374393665,
      "inter_class_mean": 0.5840164422988892,
      "inter_class_std": 0.26335346698760986
    },
    "layer_3": {
      "intra_class": 0.28166919350624087,
      "intra_class_std": 0.2532619898884217,
      "inter_class_mean": 0.6860661506652832,
      "inter_class_std": 0.3678324818611145
    },
    "layer_4": {
      "intra_class": 0.2319237321615219,
      "intra_class_std": 0.225655439688381,
      "inter_class_mean": 0.6292869448661804,
      "inter_class_std": 0.35248398780822754
    },
    "layer_5": {
      "intra_class": 0.1537691906094551,
      "intra_class_std": 0.14437771016846948,
      "inter_class_mean": 0.4394781291484833,
      "inter_class_std": 0.21966351568698883
    }
  },
  "layer_margins": {
    "layer_1": {
      "mean_margin": -0.018631748855113983,
      "std_margin": 0.13219821453094482,
      "fraction_positive": 0.50375
    },
    "layer_2": {
      "mean_margin": -0.008011355064809322,
      "std_margin": 0.2990570664405823,
      "fraction_positive": 0.56375
    },
    "layer_3": {
      "mean_margin": 0.008556842803955078,
      "std_margin": 0.3624386489391327,
      "fraction_positive": 0.571
    },
    "layer_4": {
      "mean_margin": 0.03486026078462601,
      "std_margin": 0.31849849224090576,
      "fraction_positive": 0.613
    },
    "layer_5": {
      "mean_margin": 0.04632551595568657,
      "std_margin": 0.18369771540164948,
      "fraction_positive": 0.6455
    }
  }
}