{
  "layers_analyzed": [
    "layer_1",
    "layer_2",
    "layer_3",
    "layer_4",
    "layer_5",
    "layer_6",
    "layer_7"
  ],
  "num_layers": 7,
  "train": {
    "rel_l2": [
      0.2707389295101166,
      0.09159411489963531,
      0.053147219121456146,
      0.04284423962235451,
      0.03732552006840706,
      0.020117036998271942,
      0.0076042297296226025
    ],
    "inf_norm": [
      0.7335140109062195,
      0.42004483938217163,
      0.2362627387046814,
      0.23524993658065796,
      0.10737790167331696,
      0.0734453797340393,
      0.06796753406524658
    ]
  },
  "eval": {
    "rel_l2": [
      0.27253350615501404,
      0.09365717321634293,
      0.053966224193573,
      0.04352395981550217,
      0.03743250295519829,
      0.020393315702676773,
      0.007569125387817621
    ],
    "inf_norm": [
      0.733468234539032,
      0.3605121374130249,
      0.20242297649383545,
      0.19848525524139404,
      0.10552704334259033,
      0.05656921863555908,
      0.06651920080184937
    ]
  },
  "layer_dimensions": {
    "layer_1": 70,
    "layer_2": 70,
    "layer_3": 70,
    "layer_4": 70,
    "layer_5": 70,
    "layer_6": 70,
    "layer_7": 70
  }
}