{
  "layers_analyzed": [
    "layer_1",
    "layer_2",
    "layer_3"
  ],
  "num_layers": 3,
  "train": {
    "layer_1": {
      "h_norm": 0.8165121674537659,
      "residual_norm": 4.131631851196289,
      "residual_inf_norm": 3.7279820442199707,
      "h_t_norm": 4.0744948387146,
      "h_x_norm": 1.5875962972640991,
      "h_xx_norm": 4.5222063064575195,
      "nonlinear_norm": 1.8350435495376587
    },
    "layer_2": {
      "h_norm": 0.6014370322227478,
      "residual_norm": 1.5365263223648071,
      "residual_inf_norm": 1.3736909627914429,
      "h_t_norm": 1.9685648679733276,
      "h_x_norm": 0.8003067374229431,
      "h_xx_norm": 3.2189748287200928,
      "nonlinear_norm": 1.6106648445129395
    },
    "layer_3": {
      "h_norm": 0.5909520983695984,
      "residual_norm": 0.35639917850494385,
      "residual_inf_norm": 0.32688042521476746,
      "h_t_norm": 1.6023050546646118,
      "h_x_norm": 0.6832420229911804,
      "h_xx_norm": 1.910960078239441,
      "nonlinear_norm": 1.6202290058135986
    }
  },
  "eval": {
    "layer_1": {
      "h_norm": 0.8598408699035645,
      "residual_norm": 4.43541955947876,
      "residual_inf_norm": 4.003016948699951,
      "h_t_norm": 4.2853684425354,
      "h_x_norm": 1.7134591341018677,
      "h_xx_norm": 4.830632209777832,
      "nonlinear_norm": 2.0784130096435547
    },
    "layer_2": {
      "h_norm": 0.6129401326179504,
      "residual_norm": 1.6245903968811035,
      "residual_inf_norm": 1.4409732818603516,
      "h_t_norm": 2.038801431655884,
      "h_x_norm": 0.8303168416023254,
      "h_xx_norm": 3.101625919342041,
      "nonlinear_norm": 1.5862818956375122
    },
    "layer_3": {
      "h_norm": 0.6016172170639038,
      "residual_norm": 0.38367608189582825,
      "residual_inf_norm": 0.35714319348335266,
      "h_t_norm": 1.6392967700958252,
      "h_x_norm": 0.7050207257270813,
      "h_xx_norm": 1.825337529182434,
      "nonlinear_norm": 1.6118077039718628
    }
  },
  "layer_norms": {
    "layer_1": {
      "train_residual_l2": 4.131631851196289,
      "eval_residual_l2": 4.43541955947876,
      "train_residual_linf": 3.7279820442199707,
      "eval_residual_linf": 4.003016948699951
    },
    "layer_2": {
      "train_residual_l2": 1.5365263223648071,
      "eval_residual_l2": 1.6245903968811035,
      "train_residual_linf": 1.3736909627914429,
      "eval_residual_linf": 1.4409732818603516
    },
    "layer_3": {
      "train_residual_l2": 0.35639917850494385,
      "eval_residual_l2": 0.38367608189582825,
      "train_residual_linf": 0.32688042521476746,
      "eval_residual_linf": 0.35714319348335266
    }
  },
  "ic": {
    "train": {
      "layer_1": {
        "l2": 1.1899772882461548,
        "linf": 1.0803828239440918
      },
      "layer_2": {
        "l2": 0.18595804274082184,
        "linf": 0.16425693035125732
      },
      "layer_3": {
        "l2": 0.020050814375281334,
        "linf": 0.017779774963855743
      }
    },
    "eval": {
      "layer_1": {
        "l2": 1.0364102125167847,
        "linf": 0.952178955078125
      },
      "layer_2": {
        "l2": 0.19864867627620697,
        "linf": 0.180319145321846
      },
      "layer_3": {
        "l2": 0.017716649919748306,
        "linf": 0.01610535755753517
      }
    }
  },
  "bc_value": {
    "train": {
      "layer_1": {
        "l2": 1.4087551832199097,
        "linf": 1.2996472120285034
      },
      "layer_2": {
        "l2": 0.23206226527690887,
        "linf": 0.21745654940605164
      },
      "layer_3": {
        "l2": 0.01711263880133629,
        "linf": 0.015214553102850914
      }
    },
    "eval": {
      "layer_1": {
        "l2": 0.940890908241272,
        "linf": 0.8957580327987671
      },
      "layer_2": {
        "l2": 0.19907329976558685,
        "linf": 0.1802223175764084
      },
      "layer_3": {
        "l2": 0.01790371909737587,
        "linf": 0.016210246831178665
      }
    }
  },
  "bc_derivative": {
    "train": {
      "layer_1": {
        "l2": 7.336188316345215,
        "linf": 6.613760471343994
      },
      "layer_2": {
        "l2": 0.4668031632900238,
        "linf": 0.428580641746521
      },
      "layer_3": {
        "l2": 0.04120812937617302,
        "linf": 0.0371573343873024
      }
    },
    "eval": {
      "layer_1": {
        "l2": 7.583455562591553,
        "linf": 6.807809352874756
      },
      "layer_2": {
        "l2": 0.3679661452770233,
        "linf": 0.3377625346183777
      },
      "layer_3": {
        "l2": 0.04220455139875412,
        "linf": 0.03899537771940231
      }
    }
  },
  "final_layer_train_residual": 0.35639917850494385,
  "final_layer_eval_residual": 0.38367608189582825,
  "final_layer_train_residual_inf": 0.32688042521476746,
  "final_layer_eval_residual_inf": 0.35714319348335266,
  "final_layer_train_ic": {
    "l2": 0.020050814375281334,
    "linf": 0.017779774963855743
  },
  "final_layer_eval_ic": {
    "l2": 0.017716649919748306,
    "linf": 0.01610535755753517
  },
  "final_layer_train_bc_value": {
    "l2": 0.01711263880133629,
    "linf": 0.015214553102850914
  },
  "final_layer_eval_bc_value": {
    "l2": 0.01790371909737587,
    "linf": 0.016210246831178665
  },
  "final_layer_train_bc_derivative": {
    "l2": 0.04120812937617302,
    "linf": 0.0371573343873024
  },
  "final_layer_eval_bc_derivative": {
    "l2": 0.04220455139875412,
    "linf": 0.03899537771940231
  }
}