{
  "layers_analyzed": [
    "layer_1",
    "layer_2",
    "layer_3",
    "layer_4",
    "layer_5"
  ],
  "num_layers": 5,
  "train": {
    "rel_l2": [
      0.43640825152397156,
      0.28334277868270874,
      0.35196322202682495,
      0.04180661588907242,
      0.00618282426148653
    ],
    "inf_norm": [
      1.0100458860397339,
      0.9005486965179443,
      1.219973087310791,
      0.3545886278152466,
      0.07595907896757126
    ]
  },
  "eval": {
    "rel_l2": [
      0.4410412609577179,
      0.28694549202919006,
      0.34875813126564026,
      0.044808149337768555,
      0.005825773812830448
    ],
    "inf_norm": [
      1.0097084045410156,
      0.9005563259124756,
      1.16316819190979,
      0.3545888662338257,
      0.07595910876989365
    ]
  },
  "layer_dimensions": {
    "layer_1": 70,
    "layer_2": 70,
    "layer_3": 70,
    "layer_4": 70,
    "layer_5": 70
  }
}