{
  "bins": 5,
  "num_classes": 18,
  "num_samples": 4432,
  "layers_analyzed": [
    "layer_1",
    "layer_2",
    "layer_3"
  ],
  "layer_accuracies": {
    "layer_1": 0.35333935018050544,
    "layer_2": 0.46863718411552346,
    "layer_3": 0.49323104693140796
  },
  "layer_compactness": {
    "layer_1": {
      "intra_class": 0.13317179424258777,
      "intra_class_std": 0.1647958901670483,
      "inter_class_mean": 0.0875375047326088,
      "inter_class_std": 0.06208135560154915
    },
    "layer_2": {
      "intra_class": 0.2189637426531364,
      "intra_class_std": 0.1806829700872792,
      "inter_class_mean": 0.23771719634532928,
      "inter_class_std": 0.11842099577188492
    },
    "layer_3": {
      "intra_class": 0.29792025659985577,
      "intra_class_std": 0.20226586000812888,
      "inter_class_mean": 0.3929051458835602,
      "inter_class_std": 0.17684736847877502
    }
  },
  "layer_margins": {
    "layer_1": {
      "mean_margin": -0.010173041373491287,
      "std_margin": 0.023613927885890007,
      "fraction_positive": 0.35333935018050544
    },
    "layer_2": {
      "mean_margin": -0.00868623424321413,
      "std_margin": 0.0438532717525959,
      "fraction_positive": 0.46863718411552346
    },
    "layer_3": {
      "mean_margin": -0.008188892155885696,
      "std_margin": 0.06564577668905258,
      "fraction_positive": 0.49323104693140796
    }
  }
}