{
  "layers_analyzed": [
    "layer_1",
    "layer_2",
    "layer_3",
    "layer_4",
    "layer_5"
  ],
  "num_layers": 5,
  "train": {
    "layer_1": {
      "h_norm": 0.5005711913108826,
      "residual_norm": 0.2643560767173767,
      "residual_inf_norm": 0.2643560767173767,
      "h_t_norm": 0.5317611694335938,
      "h_x0_norm": 0.5330689549446106,
      "h_x1_norm": 0.5552188158035278,
      "h_x0x0_norm": 1.1447932720184326,
      "h_x1x1_norm": 1.6286293268203735,
      "convection_norm": 0.544794499874115
    },
    "layer_2": {
      "h_norm": 0.500119149684906,
      "residual_norm": 0.3057498335838318,
      "residual_inf_norm": 0.3057498335838318,
      "h_t_norm": 0.5446527600288391,
      "h_x0_norm": 0.518164873123169,
      "h_x1_norm": 0.4981832504272461,
      "h_x0x0_norm": 1.4163612127304077,
      "h_x1x1_norm": 1.6399991512298584,
      "convection_norm": 0.48711737990379333
    },
    "layer_3": {
      "h_norm": 0.4972456991672516,
      "residual_norm": 0.11870560795068741,
      "residual_inf_norm": 0.11870560795068741,
      "h_t_norm": 0.47854316234588623,
      "h_x0_norm": 0.47303861379623413,
      "h_x1_norm": 0.48126620054244995,
      "h_x0x0_norm": 1.3070988655090332,
      "h_x1x1_norm": 1.2120509147644043,
      "convection_norm": 0.4723868668079376
    },
    "layer_4": {
      "h_norm": 0.49717724323272705,
      "residual_norm": 0.13044418394565582,
      "residual_inf_norm": 0.13044418394565582,
      "h_t_norm": 0.479381799697876,
      "h_x0_norm": 0.47705504298210144,
      "h_x1_norm": 0.4707043766975403,
      "h_x0x0_norm": 1.2906692028045654,
      "h_x1x1_norm": 1.3321025371551514,
      "convection_norm": 0.47317227721214294
    },
    "layer_5": {
      "h_norm": 0.49645334482192993,
      "residual_norm": 0.041791804134845734,
      "residual_inf_norm": 0.041791804134845734,
      "h_t_norm": 0.4657086431980133,
      "h_x0_norm": 0.4594283699989319,
      "h_x1_norm": 0.47240984439849854,
      "h_x0x0_norm": 1.1623061895370483,
      "h_x1x1_norm": 1.1206610202789307,
      "convection_norm": 0.46165764331817627
    }
  },
  "eval": {
    "layer_1": {
      "h_norm": 0.5078684091567993,
      "residual_norm": 0.26319923996925354,
      "residual_inf_norm": 0.26319923996925354,
      "h_t_norm": 0.5348016023635864,
      "h_x0_norm": 0.5364090204238892,
      "h_x1_norm": 0.5638231039047241,
      "h_x0x0_norm": 1.1361324787139893,
      "h_x1x1_norm": 1.6388325691223145,
      "convection_norm": 0.5610455870628357
    },
    "layer_2": {
      "h_norm": 0.506943941116333,
      "residual_norm": 0.3030768930912018,
      "residual_inf_norm": 0.3030768930912018,
      "h_t_norm": 0.546755850315094,
      "h_x0_norm": 0.5209677815437317,
      "h_x1_norm": 0.5024053454399109,
      "h_x0x0_norm": 1.417892575263977,
      "h_x1x1_norm": 1.6599392890930176,
      "convection_norm": 0.4979979395866394
    },
    "layer_3": {
      "h_norm": 0.5040681958198547,
      "residual_norm": 0.11995308846235275,
      "residual_inf_norm": 0.11995308846235275,
      "h_t_norm": 0.48173391819000244,
      "h_x0_norm": 0.4756496846675873,
      "h_x1_norm": 0.485172301530838,
      "h_x0x0_norm": 1.325026512145996,
      "h_x1x1_norm": 1.2047773599624634,
      "convection_norm": 0.4834367334842682
    },
    "layer_4": {
      "h_norm": 0.5039673447608948,
      "residual_norm": 0.13231442868709564,
      "residual_inf_norm": 0.13231442868709564,
      "h_t_norm": 0.482845276594162,
      "h_x0_norm": 0.4828289747238159,
      "h_x1_norm": 0.47506096959114075,
      "h_x0x0_norm": 1.3022769689559937,
      "h_x1x1_norm": 1.362333059310913,
      "convection_norm": 0.4855745732784271
    },
    "layer_5": {
      "h_norm": 0.5032987594604492,
      "residual_norm": 0.04199839383363724,
      "residual_inf_norm": 0.04199839383363724,
      "h_t_norm": 0.4693562388420105,
      "h_x0_norm": 0.4629517197608948,
      "h_x1_norm": 0.4758513569831848,
      "h_x0x0_norm": 1.1850285530090332,
      "h_x1x1_norm": 1.1454497575759888,
      "convection_norm": 0.4725012481212616
    }
  },
  "layer_norms": {
    "layer_1": {
      "train_residual_l2": 0.2643560767173767,
      "eval_residual_l2": 0.26319923996925354,
      "train_residual_linf": 0.2643560767173767,
      "eval_residual_linf": 0.26319923996925354
    },
    "layer_2": {
      "train_residual_l2": 0.3057498335838318,
      "eval_residual_l2": 0.3030768930912018,
      "train_residual_linf": 0.3057498335838318,
      "eval_residual_linf": 0.3030768930912018
    },
    "layer_3": {
      "train_residual_l2": 0.11870560795068741,
      "eval_residual_l2": 0.11995308846235275,
      "train_residual_linf": 0.11870560795068741,
      "eval_residual_linf": 0.11995308846235275
    },
    "layer_4": {
      "train_residual_l2": 0.13044418394565582,
      "eval_residual_l2": 0.13231442868709564,
      "train_residual_linf": 0.13044418394565582,
      "eval_residual_linf": 0.13231442868709564
    },
    "layer_5": {
      "train_residual_l2": 0.041791804134845734,
      "eval_residual_l2": 0.04199839383363724,
      "train_residual_linf": 0.041791804134845734,
      "eval_residual_linf": 0.04199839383363724
    }
  },
  "ic": {
    "train": {
      "layer_1": {
        "l2": 0.053108930587768555,
        "linf": 0.053108930587768555
      },
      "layer_2": {
        "l2": 0.07909578084945679,
        "linf": 0.07909578084945679
      },
      "layer_3": {
        "l2": 0.01890706829726696,
        "linf": 0.01890706829726696
      },
      "layer_4": {
        "l2": 0.012482604943215847,
        "linf": 0.012482604943215847
      },
      "layer_5": {
        "l2": 0.005438278894871473,
        "linf": 0.005438278894871473
      }
    },
    "eval": {
      "layer_1": {
        "l2": 0.04940097779035568,
        "linf": 0.04940097779035568
      },
      "layer_2": {
        "l2": 0.09935753792524338,
        "linf": 0.09935753792524338
      },
      "layer_3": {
        "l2": 0.022498145699501038,
        "linf": 0.022498145699501038
      },
      "layer_4": {
        "l2": 0.013143211603164673,
        "linf": 0.013143211603164673
      },
      "layer_5": {
        "l2": 0.0056852675043046474,
        "linf": 0.0056852675043046474
      }
    }
  },
  "bc_value": {
    "train": {
      "layer_1": {
        "l2": 0.04146398976445198,
        "linf": 0.04146398976445198
      },
      "layer_2": {
        "l2": 0.043026238679885864,
        "linf": 0.043026238679885864
      },
      "layer_3": {
        "l2": 0.017863523215055466,
        "linf": 0.017863523215055466
      },
      "layer_4": {
        "l2": 0.018028581514954567,
        "linf": 0.018028581514954567
      },
      "layer_5": {
        "l2": 0.004624532535672188,
        "linf": 0.004624532535672188
      }
    },
    "eval": {
      "layer_1": {
        "l2": 0.03070686012506485,
        "linf": 0.03070686012506485
      },
      "layer_2": {
        "l2": 0.03800158575177193,
        "linf": 0.03800158575177193
      },
      "layer_3": {
        "l2": 0.01716620847582817,
        "linf": 0.01716620847582817
      },
      "layer_4": {
        "l2": 0.020833970978856087,
        "linf": 0.020833970978856087
      },
      "layer_5": {
        "l2": 0.003664342686533928,
        "linf": 0.003664342686533928
      }
    }
  },
  "bc_derivative": {
    "train": {},
    "eval": {}
  },
  "final_layer_train_residual": 0.041791804134845734,
  "final_layer_eval_residual": 0.04199839383363724,
  "final_layer_train_residual_inf": 0.041791804134845734,
  "final_layer_eval_residual_inf": 0.04199839383363724,
  "final_layer_train_ic": {
    "l2": 0.005438278894871473,
    "linf": 0.005438278894871473
  },
  "final_layer_eval_ic": {
    "l2": 0.0056852675043046474,
    "linf": 0.0056852675043046474
  },
  "final_layer_train_bc_value": {
    "l2": 0.004624532535672188,
    "linf": 0.004624532535672188
  },
  "final_layer_eval_bc_value": {
    "l2": 0.003664342686533928,
    "linf": 0.003664342686533928
  },