{
  "layers_analyzed": [
    "layer_1",
    "layer_2",
    "layer_3",
    "layer_4",
    "layer_5"
  ],
  "num_layers": 5,
  "train": {
    "layer_1": {
      "h_norm": 0.49962154030799866,
      "residual_norm": 0.2063949853181839,
      "residual_inf_norm": 0.2063949853181839,
      "h_t_norm": 0.5256060361862183,
      "h_x0_norm": 0.5281828045845032,
      "h_x1_norm": 0.5105099081993103,
      "h_x0x0_norm": 1.1085045337677002,
      "h_x1x1_norm": 0.8474991917610168,
      "convection_norm": 0.5107352137565613
    },
    "layer_2": {
      "h_norm": 0.49885839223861694,
      "residual_norm": 0.26813364028930664,
      "residual_inf_norm": 0.26813364028930664,
      "h_t_norm": 0.5172480344772339,
      "h_x0_norm": 0.5212010741233826,
      "h_x1_norm": 0.5106005072593689,
      "h_x0x0_norm": 2.0743227005004883,
      "h_x1x1_norm": 1.3845336437225342,
      "convection_norm": 0.5229220390319824
    },
    "layer_3": {
      "h_norm": 0.49639397859573364,
      "residual_norm": 0.02890150062739849,
      "residual_inf_norm": 0.02890150062739849,
      "h_t_norm": 0.4645872414112091,
      "h_x0_norm": 0.4650580585002899,
      "h_x1_norm": 0.4653885066509247,
      "h_x0x0_norm": 1.137877106666565,
      "h_x1x1_norm": 1.1658138036727905,
      "convection_norm": 0.46177101135253906
    },
    "layer_4": {
      "h_norm": 0.4963201880455017,
      "residual_norm": 0.00546613335609436,
      "residual_inf_norm": 0.00546613335609436,
      "h_t_norm": 0.46329182386398315,
      "h_x0_norm": 0.4635084569454193,
      "h_x1_norm": 0.4634857773780823,
      "h_x0x0_norm": 1.120581865310669,
      "h_x1x1_norm": 1.120316505432129,
      "convection_norm": 0.4613403081893921
    },
    "layer_5": {
      "h_norm": 0.4963267743587494,
      "residual_norm": 0.005593533627688885,
      "residual_inf_norm": 0.005593533627688885,
      "h_t_norm": 0.4633291959762573,
      "h_x0_norm": 0.463548481464386,
      "h_x1_norm": 0.46247223019599915,
      "h_x0x0_norm": 1.1187959909439087,
      "h_x1x1_norm": 1.1131104230880737,
      "convection_norm": 0.4607201814651489
    }
  },
  "eval": {
    "layer_1": {
      "h_norm": 0.5061875581741333,
      "residual_norm": 0.20741936564445496,
      "residual_inf_norm": 0.20741936564445496,
      "h_t_norm": 0.5298143625259399,
      "h_x0_norm": 0.5316165685653687,
      "h_x1_norm": 0.5149316787719727,
      "h_x0x0_norm": 1.0990703105926514,
      "h_x1x1_norm": 0.8585245013237,
      "convection_norm": 0.5239834785461426
    },
    "layer_2": {
      "h_norm": 0.5058242678642273,
      "residual_norm": 0.27119961380958557,
      "residual_inf_norm": 0.27119961380958557,
      "h_t_norm": 0.5236003398895264,
      "h_x0_norm": 0.5248438119888306,
      "h_x1_norm": 0.5149487853050232,
      "h_x0x0_norm": 2.0674874782562256,
      "h_x1x1_norm": 1.3937515020370483,
      "convection_norm": 0.5355865955352783
    },
    "layer_3": {
      "h_norm": 0.5031799077987671,
      "residual_norm": 0.029026295989751816,
      "residual_inf_norm": 0.029026295989751816,
      "h_t_norm": 0.4683346152305603,
      "h_x0_norm": 0.4688692092895508,
      "h_x1_norm": 0.46942436695098877,
      "h_x0x0_norm": 1.1605843305587769,
      "h_x1x1_norm": 1.1881122589111328,
      "convection_norm": 0.4729387164115906
    },
    "layer_4": {
      "h_norm": 0.503152072429657,
      "residual_norm": 0.005530647002160549,
      "residual_inf_norm": 0.005530647002160549,
      "h_t_norm": 0.46691203117370605,
      "h_x0_norm": 0.4671517312526703,
      "h_x1_norm": 0.4671723246574402,
      "h_x0x0_norm": 1.1451023817062378,
      "h_x1x1_norm": 1.144622564315796,
      "convection_norm": 0.4722559452056885
    },
    "layer_5": {
      "h_norm": 0.5031515955924988,
      "residual_norm": 0.005718530155718327,
      "residual_inf_norm": 0.005718530155718327,
      "h_t_norm": 0.46700790524482727,
      "h_x0_norm": 0.46724820137023926,
      "h_x1_norm": 0.4661329984664917,
      "h_x0x0_norm": 1.1428866386413574,
      "h_x1x1_norm": 1.1373869180679321,
      "convection_norm": 0.47170278429985046
    }
  },
  "layer_norms": {
    "layer_1": {
      "train_residual_l2": 0.2063949853181839,
      "eval_residual_l2": 0.20741936564445496,
      "train_residual_linf": 0.2063949853181839,
      "eval_residual_linf": 0.20741936564445496
    },
    "layer_2": {
      "train_residual_l2": 0.26813364028930664,
      "eval_residual_l2": 0.27119961380958557,
      "train_residual_linf": 0.26813364028930664,
      "eval_residual_linf": 0.27119961380958557
    },
    "layer_3": {
      "train_residual_l2": 0.02890150062739849,
      "eval_residual_l2": 0.029026295989751816,
      "train_residual_linf": 0.02890150062739849,
      "eval_residual_linf": 0.029026295989751816
    },
    "layer_4": {
      "train_residual_l2": 0.00546613335609436,
      "eval_residual_l2": 0.005530647002160549,
      "train_residual_linf": 0.00546613335609436,
      "eval_residual_linf": 0.005530647002160549
    },
    "layer_5": {
      "train_residual_l2": 0.005593533627688885,
      "eval_residual_l2": 0.005718530155718327,
      "train_residual_linf": 0.005593533627688885,
      "eval_residual_linf": 0.005718530155718327
    }
  },
  "ic": {
    "train": {
      "layer_1": {
        "l2": 0.03868502005934715,
        "linf": 0.03868502005934715
      },
      "layer_2": {
        "l2": 0.029511718079447746,
        "linf": 0.029511718079447746
      },
      "layer_3": {
        "l2": 0.0034589823335409164,
        "linf": 0.0034589823335409164
      },
      "layer_4": {
        "l2": 0.0005568395718000829,
        "linf": 0.0005568395718000829
      },
      "layer_5": {
        "l2": 0.0008381207007914782,
        "linf": 0.0008381207007914782
      }
    },
    "eval": {
      "layer_1": {
        "l2": 0.04299722611904144,
        "linf": 0.04299722611904144
      },
      "layer_2": {
        "l2": 0.030547382310032845,
        "linf": 0.030547382310032845
      },
      "layer_3": {
        "l2": 0.0037746888119727373,
        "linf": 0.0037746888119727373
      },
      "layer_4": {
        "l2": 0.0007384087657555938,
        "linf": 0.0007384087657555938
      },
      "layer_5": {
        "l2": 0.0008982890867628157,
        "linf": 0.0008982890867628157
      }
    }
  },
  "bc_value": {
    "train": {
      "layer_1": {
        "l2": 0.032687343657016754,
        "linf": 0.032687343657016754
      },
      "layer_2": {
        "l2": 0.03158978372812271,
        "linf": 0.03158978372812271
      },
      "layer_3": {
        "l2": 0.003682462265715003,
        "linf": 0.003682462265715003
      },
      "layer_4": {
        "l2": 0.0005645793862640858,
        "linf": 0.0005645793862640858
      },
      "layer_5": {
        "l2": 0.0009873543167486787,
        "linf": 0.0009873543167486787
      }
    },
    "eval": {
      "layer_1": {
        "l2": 0.022374900057911873,
        "linf": 0.022374900057911873
      },
      "layer_2": {
        "l2": 0.02893608994781971,
        "linf": 0.02893608994781971
      },
      "layer_3": {
        "l2": 0.003456051927059889,
        "linf": 0.003456051927059889
      },
      "layer_4": {
        "l2": 0.0004445927625056356,
        "linf": 0.0004445927625056356
      },
      "layer_5": {
        "l2": 0.0008983997395262122,
        "linf": 0.0008983997395262122
      }
    }
  },
  "bc_derivative": {
    "train": {},
    "eval": {}
  },
  "final_layer_train_residual": 0.005593533627688885,
  "final_layer_eval_residual": 0.005718530155718327,
  "final_layer_train_residual_inf": 0.005593533627688885,
  "final_layer_eval_residual_inf": 0.005718530155718327,
  "final_layer_train_ic": {
    "l2": 0.0008381207007914782,
    "linf": 0.0008381207007914782
  },
  "final_layer_eval_ic": {
    "l2": 0.0008982890867628157,
    "linf": 0.0008982890867628157
  },
  "final_layer_train_bc_value": {
    "l2": 0.0009873543167486787,
    "linf": 0.0009873543167486787
  },