{
  "layers_analyzed": [
    "layer_1",
    "layer_2",
    "layer_3"
  ],
  "num_layers": 3,
  "train": {
    "layer_1": {
      "h_norm": 0.8242579102516174,
      "residual_norm": 4.2204060554504395,
      "residual_inf_norm": 3.8492860794067383,
      "h_t_norm": 4.106520652770996,
      "h_x_norm": 1.6897817850112915,
      "h_xx_norm": 4.945680141448975,
      "nonlinear_norm": 1.8436124324798584
    },
    "layer_2": {
      "h_norm": 0.5937305092811584,
      "residual_norm": 0.7084058523178101,
      "residual_inf_norm": 0.6374648213386536,
      "h_t_norm": 1.7444415092468262,
      "h_x_norm": 0.708141028881073,
      "h_xx_norm": 2.1661999225616455,
      "nonlinear_norm": 1.6102769374847412
    },
    "layer_3": {
      "h_norm": 0.590786874294281,
      "residual_norm": 0.06258770078420639,
      "residual_inf_norm": 0.05798991769552231,
      "h_t_norm": 1.590571403503418,
      "h_x_norm": 0.6776278614997864,
      "h_xx_norm": 1.680062174797058,
      "nonlinear_norm": 1.6206517219543457
    }
  },
  "eval": {
    "layer_1": {
      "h_norm": 0.8662983775138855,
      "residual_norm": 4.658786296844482,
      "residual_inf_norm": 4.216732501983643,
      "h_t_norm": 4.377543926239014,
      "h_x_norm": 1.7958848476409912,
      "h_xx_norm": 5.182562828063965,
      "nonlinear_norm": 2.1202406883239746
    },
    "layer_2": {
      "h_norm": 0.6038671731948853,
      "residual_norm": 0.7634761333465576,
      "residual_inf_norm": 0.6826785206794739,
      "h_t_norm": 1.8133727312088013,
      "h_x_norm": 0.7292996048927307,
      "h_xx_norm": 2.0404574871063232,
      "nonlinear_norm": 1.6096495389938354
    },
    "layer_3": {
      "h_norm": 0.6012392044067383,
      "residual_norm": 0.06778276711702347,
      "residual_inf_norm": 0.06323467940092087,
      "h_t_norm": 1.6309033632278442,
      "h_x_norm": 0.6946383118629456,
      "h_xx_norm": 1.5409479141235352,
      "nonlinear_norm": 1.6135125160217285
    }
  },
  "layer_norms": {
    "layer_1": {
      "train_residual_l2": 4.2204060554504395,
      "eval_residual_l2": 4.658786296844482,
      "train_residual_linf": 3.8492860794067383,
      "eval_residual_linf": 4.216732501983643
    },
    "layer_2": {
      "train_residual_l2": 0.7084058523178101,
      "eval_residual_l2": 0.7634761333465576,
      "train_residual_linf": 0.6374648213386536,
      "eval_residual_linf": 0.6826785206794739
    },
    "layer_3": {
      "train_residual_l2": 0.06258770078420639,
      "eval_residual_l2": 0.06778276711702347,
      "train_residual_linf": 0.05798991769552231,
      "eval_residual_linf": 0.06323467940092087
    }
  },
  "ic": {
    "train": {
      "layer_1": {
        "l2": 0.9212992191314697,
        "linf": 0.8428562879562378
      },
      "layer_2": {
        "l2": 0.0812816172838211,
        "linf": 0.07471257448196411
      },
      "layer_3": {
        "l2": 0.003624438075348735,
        "linf": 0.0033670570701360703
      }
    },
    "eval": {
      "layer_1": {
        "l2": 0.880969226360321,
        "linf": 0.7989940047264099
      },
      "layer_2": {
        "l2": 0.0681864470243454,
        "linf": 0.061409253627061844
      },
      "layer_3": {
        "l2": 0.0034905816428363323,
        "linf": 0.0031402253080159426
      }
    }
  },
  "bc_value": {
    "train": {
      "layer_1": {
        "l2": 2.2337615489959717,
        "linf": 1.7834951877593994
      },
      "layer_2": {
        "l2": 0.07882868498563766,
        "linf": 0.06586576998233795
      },
      "layer_3": {
        "l2": 0.0016903452342376113,
        "linf": 0.0015474825631827116
      }
    },
    "eval": {
      "layer_1": {
        "l2": 1.9074674844741821,
        "linf": 1.51019287109375
      },
      "layer_2": {
        "l2": 0.08284105360507965,
        "linf": 0.06917329132556915
      },
      "layer_3": {
        "l2": 0.0010852377163246274,
        "linf": 0.0009754180791787803
      }
    }
  },
  "bc_derivative": {
    "train": {
      "layer_1": {
        "l2": 3.7561395168304443,
        "linf": 3.337167978286743
      },
      "layer_2": {
        "l2": 0.27378419041633606,
        "linf": 0.26233065128326416
      },
      "layer_3": {
        "l2": 0.005647609010338783,
        "linf": 0.005083249881863594
      }
    },
    "eval": {
      "layer_1": {
        "l2": 3.9003193378448486,
        "linf": 3.546334743499756
      },
      "layer_2": {
        "l2": 0.2528931200504303,
        "linf": 0.24444083869457245
      },
      "layer_3": {
        "l2": 0.005992846097797155,
        "linf": 0.005195098929107189
      }
    }
  },
  "final_layer_train_residual": 0.06258770078420639,
  "final_layer_eval_residual": 0.06778276711702347,
  "final_layer_train_residual_inf": 0.05798991769552231,
  "final_layer_eval_residual_inf": 0.06323467940092087,
  "final_layer_train_ic": {
    "l2": 0.003624438075348735,
    "linf": 0.0033670570701360703
  },
  "final_layer_eval_ic": {
    "l2": 0.0034905816428363323,
    "linf": 0.0031402253080159426
  },
  "final_layer_train_bc_value": {
    "l2": 0.0016903452342376113,
    "linf": 0.0015474825631827116
  },
  "final_layer_eval_bc_value": {
    "l2": 0.0010852377163246274,
    "linf": 0.0009754180791787803
  },
  "final_layer_train_bc_derivative": {
    "l2": 0.005647609010338783,
    "linf": 0.005083249881863594
  },
  "final_layer_eval_bc_derivative": {
    "l2": 0.005992846097797155,
    "linf": 0.005195098929107189
  }
}