{
  "layers_analyzed": [
    "layer_1",
    "layer_2",
    "layer_3",
    "layer_4",
    "layer_5",
    "layer_6",
    "layer_7"
  ],
  "num_layers": 7,
  "train": {
    "rel_l2": [
      0.1987995207309723,
      0.22634318470954895,
      0.05862605944275856,
      0.03306837007403374,
      0.03701168671250343,
      0.027339506894350052,
      0.0037550984416157007
    ],
    "inf_norm": [
      0.4312114715576172,
      0.7024340629577637,
      0.18326270580291748,
      0.1457233428955078,
      0.10124799609184265,
      0.06801086664199829,
      0.035774827003479004
    ]
  },
  "eval": {
    "rel_l2": [
      0.2001393884420395,
      0.22667503356933594,
      0.059238411486148834,
      0.03391702100634575,
      0.03706615790724754,
      0.027495285496115685,
      0.0037891848478466272
    ],
    "inf_norm": [
      0.408775269985199,
      0.6950520873069763,
      0.17680305242538452,
      0.12059414386749268,
      0.09862425923347473,
      0.06635637581348419,
      0.03411656618118286
    ]
  },
  "layer_dimensions": {
    "layer_1": 70,
    "layer_2": 70,
    "layer_3": 70,
    "layer_4": 70,
    "layer_5": 70,
    "layer_6": 70,
    "layer_7": 70
  }
}