{
  "layers_analyzed": [
    "layer_1",
    "layer_2",
    "layer_3",
    "layer_4",
    "layer_5"
  ],
  "num_layers": 5,
  "train": {
    "layer_1": {
      "h_norm": 0.5035170912742615,
      "residual_norm": 0.2576715350151062,
      "residual_inf_norm": 0.2576715350151062,
      "h_t_norm": 0.5302735567092896,
      "h_x0_norm": 0.5358281135559082,
      "h_x1_norm": 0.5563627481460571,
      "h_x0x0_norm": 1.2238190174102783,
      "h_x1x1_norm": 1.243141770362854,
      "convection_norm": 0.5154857635498047
    },
    "layer_2": {
      "h_norm": 0.6954348087310791,
      "residual_norm": 8.57545280456543,
      "residual_inf_norm": 8.57545280456543,
      "h_t_norm": 2.180999755859375,
      "h_x0_norm": 4.050856113433838,
      "h_x1_norm": 3.5855042934417725,
      "h_x0x0_norm": 39.85943603515625,
      "h_x1x1_norm": 34.9569206237793,
      "convection_norm": 5.1346964836120605
    },
    "layer_3": {
      "h_norm": 0.4964577853679657,
      "residual_norm": 0.030042923986911774,
      "residual_inf_norm": 0.030042923986911774,
      "h_t_norm": 0.46460404992103577,
      "h_x0_norm": 0.4650980234146118,
      "h_x1_norm": 0.46563127636909485,
      "h_x0x0_norm": 1.0861562490463257,
      "h_x1x1_norm": 1.082945704460144,
      "convection_norm": 0.4623551666736603
    },
    "layer_4": {
      "h_norm": 0.4963304400444031,
      "residual_norm": 0.00891349371522665,
      "residual_inf_norm": 0.00891349371522665,
      "h_t_norm": 0.4635167717933655,
      "h_x0_norm": 0.46392595767974854,
      "h_x1_norm": 0.4633594751358032,
      "h_x0x0_norm": 1.112072467803955,
      "h_x1x1_norm": 1.1162428855895996,
      "convection_norm": 0.46143838763237
    },
    "layer_5": {
      "h_norm": 0.4963747262954712,
      "residual_norm": 0.017490634694695473,
      "residual_inf_norm": 0.017490634694695473,
      "h_t_norm": 0.4637632966041565,
      "h_x0_norm": 0.4629547595977783,
      "h_x1_norm": 0.46275922656059265,
      "h_x0x0_norm": 1.1059261560440063,
      "h_x1x1_norm": 1.1206929683685303,
      "convection_norm": 0.4598218500614166
    }
  },
  "eval": {
    "layer_1": {
      "h_norm": 0.5099600553512573,
      "residual_norm": 0.25389429926872253,
      "residual_inf_norm": 0.25389429926872253,
      "h_t_norm": 0.5318973064422607,
      "h_x0_norm": 0.5408223867416382,
      "h_x1_norm": 0.5622726678848267,
      "h_x0x0_norm": 1.2253000736236572,
      "h_x1x1_norm": 1.24415922164917,
      "convection_norm": 0.5297826528549194
    },
    "layer_2": {
      "h_norm": 0.7047714591026306,
      "residual_norm": 8.773582458496094,
      "residual_inf_norm": 8.773582458496094,
      "h_t_norm": 2.1681220531463623,
      "h_x0_norm": 4.0195817947387695,
      "h_x1_norm": 3.648646354675293,
      "h_x0x0_norm": 39.597103118896484,
      "h_x1x1_norm": 34.82337188720703,
      "convection_norm": 5.485835552215576
    },
    "layer_3": {
      "h_norm": 0.503238320350647,
      "residual_norm": 0.029660575091838837,
      "residual_inf_norm": 0.029660575091838837,
      "h_t_norm": 0.4685412347316742,
      "h_x0_norm": 0.4688100516796112,
      "h_x1_norm": 0.4693829119205475,
      "h_x0x0_norm": 1.1104530096054077,
      "h_x1x1_norm": 1.1074122190475464,
      "convection_norm": 0.47338318824768066
    },
    "layer_4": {
      "h_norm": 0.5031522512435913,
      "residual_norm": 0.008873816579580307,
      "residual_inf_norm": 0.008873816579580307,
      "h_t_norm": 0.4671955108642578,
      "h_x0_norm": 0.46758344769477844,
      "h_x1_norm": 0.4670339524745941,
      "h_x0x0_norm": 1.1367305517196655,
      "h_x1x1_norm": 1.1409611701965332,
      "convection_norm": 0.472319096326828
    },
    "layer_5": {
      "h_norm": 0.5032368898391724,
      "residual_norm": 0.01772259920835495,
      "residual_inf_norm": 0.01772259920835495,
      "h_t_norm": 0.46739867329597473,
      "h_x0_norm": 0.46672260761260986,
      "h_x1_norm": 0.46615496277809143,
      "h_x0x0_norm": 1.1316784620285034,
      "h_x1x1_norm": 1.1471258401870728,
      "convection_norm": 0.47081688046455383
    }
  },
  "layer_norms": {
    "layer_1": {
      "train_residual_l2": 0.2576715350151062,
      "eval_residual_l2": 0.25389429926872253,
      "train_residual_linf": 0.2576715350151062,
      "eval_residual_linf": 0.25389429926872253
    },
    "layer_2": {
      "train_residual_l2": 8.57545280456543,
      "eval_residual_l2": 8.773582458496094,
      "train_residual_linf": 8.57545280456543,
      "eval_residual_linf": 8.773582458496094
    },
    "layer_3": {
      "train_residual_l2": 0.030042923986911774,
      "eval_residual_l2": 0.029660575091838837,
      "train_residual_linf": 0.030042923986911774,
      "eval_residual_linf": 0.029660575091838837
    },
    "layer_4": {
      "train_residual_l2": 0.00891349371522665,
      "eval_residual_l2": 0.008873816579580307,
      "train_residual_linf": 0.00891349371522665,
      "eval_residual_linf": 0.008873816579580307
    },
    "layer_5": {
      "train_residual_l2": 0.017490634694695473,
      "eval_residual_l2": 0.01772259920835495,
      "train_residual_linf": 0.017490634694695473,
      "eval_residual_linf": 0.01772259920835495
    }
  },
  "ic": {
    "train": {
      "layer_1": {
        "l2": 0.07106678932905197,
        "linf": 0.07106678932905197
      },
      "layer_2": {
        "l2": 0.664309024810791,
        "linf": 0.664309024810791
      },
      "layer_3": {
        "l2": 0.0037409914657473564,
        "linf": 0.0037409914657473564
      },
      "layer_4": {
        "l2": 0.0008673293050378561,
        "linf": 0.0008673293050378561
      },
      "layer_5": {
        "l2": 0.00413312716409564,
        "linf": 0.00413312716409564
      }
    },
    "eval": {
      "layer_1": {
        "l2": 0.08154629915952682,
        "linf": 0.08154629915952682
      },
      "layer_2": {
        "l2": 0.7174292206764221,
        "linf": 0.7174292206764221
      },
      "layer_3": {
        "l2": 0.003715487662702799,
        "linf": 0.003715487662702799
      },
      "layer_4": {
        "l2": 0.000926817359868437,
        "linf": 0.000926817359868437
      },
      "layer_5": {
        "l2": 0.004555614665150642,
        "linf": 0.004555614665150642
      }
    }
  },
  "bc_value": {
    "train": {
      "layer_1": {
        "l2": 0.040008798241615295,
        "linf": 0.040008798241615295
      },
      "layer_2": {
        "l2": 0.7315360903739929,
        "linf": 0.7315360903739929
      },
      "layer_3": {
        "l2": 0.002715103328227997,
        "linf": 0.002715103328227997
      },
      "layer_4": {
        "l2": 0.000785535667091608,
        "linf": 0.000785535667091608
      },
      "layer_5": {
        "l2": 0.0026017504278570414,
        "linf": 0.0026017504278570414
      }
    },
    "eval": {
      "layer_1": {
        "l2": 0.036111991852521896,
        "linf": 0.036111991852521896
      },
      "layer_2": {
        "l2": 0.5621150732040405,
        "linf": 0.5621150732040405
      },
      "layer_3": {
        "l2": 0.0019297886174172163,
        "linf": 0.0019297886174172163
      },
      "layer_4": {
        "l2": 0.0006103361374698579,
        "linf": 0.0006103361374698579
      },
      "layer_5": {
        "l2": 0.0019275989616289735,
        "linf": 0.0019275989616289735
      }
    }
  },
  "bc_derivative": {
    "train": {},
    "eval": {}
  },
  "final_layer_train_residual": 0.017490634694695473,
  "final_layer_eval_residual": 0.01772259920835495,
  "final_layer_train_residual_inf": 0.017490634694695473,
  "final_layer_eval_residual_inf": 0.01772259920835495,
  "final_layer_train_ic": {
    "l2": 0.00413312716409564,
    "linf": 0.00413312716409564
  },
  "final_layer_eval_ic": {
    "l2": 0.004555614665150642,
    "linf": 0.004555614665150642
  },
  "final_layer_train_bc_value": {
    "l2": 0.0026017504278570414,
    "linf": 0.0026017504278570414
  },
  "final_layer_eval_bc_value": {
    "l2": 0.0019275989616289735,
    "linf": 0.0019275989616289735
  },