{
  "layers_analyzed": [
    "layer_1",
    "layer_2",
    "layer_3",
    "layer_4",
    "layer_5",
    "layer_6",
    "layer_7"
  ],
  "num_layers": 7,
  "train": {
    "layer_1": {
      "h_norm": 0.41479507088661194,
      "residual_norm": 0.4300346076488495,
      "residual_inf_norm": 0.4300346076488495,
      "h_t_norm": 0.4583936035633087,
      "h_x_norm": 0.4127093255519867,
      "h_xx_norm": 0.4542195200920105,
      "h_tt_norm": 0.47725579142570496
    },
    "layer_2": {
      "h_norm": 0.4160841107368469,
      "residual_norm": 0.32254308462142944,
      "residual_inf_norm": 0.32254308462142944,
      "h_t_norm": 0.45477938652038574,
      "h_x_norm": 0.3995261788368225,
      "h_xx_norm": 0.422578901052475,
      "h_tt_norm": 0.4945010840892792
    },
    "layer_3": {
      "h_norm": 0.41773727536201477,
      "residual_norm": 0.33991798758506775,
      "residual_inf_norm": 0.33991798758506775,
      "h_t_norm": 0.4390306770801544,
      "h_x_norm": 0.40114304423332214,
      "h_xx_norm": 0.46058645844459534,
      "h_tt_norm": 0.5020883679389954
    },
    "layer_4": {
      "h_norm": 0.4202973246574402,
      "residual_norm": 0.18339420855045319,
      "residual_inf_norm": 0.18339420855045319,
      "h_t_norm": 0.42736172676086426,
      "h_x_norm": 0.38911816477775574,
      "h_xx_norm": 0.4098030924797058,
      "h_tt_norm": 0.4292820692062378
    },
    "layer_5": {
      "h_norm": 0.4199608266353607,
      "residual_norm": 0.13947920501232147,
      "residual_inf_norm": 0.13947920501232147,
      "h_t_norm": 0.4246138036251068,
      "h_x_norm": 0.39048337936401367,
      "h_xx_norm": 0.44651931524276733,
      "h_tt_norm": 0.41971489787101746
    },
    "layer_6": {
      "h_norm": 0.42014279961586,
      "residual_norm": 0.09555920213460922,
      "residual_inf_norm": 0.09555920213460922,
      "h_t_norm": 0.41652628779411316,
      "h_x_norm": 0.3915994167327881,
      "h_xx_norm": 0.42151927947998047,
      "h_tt_norm": 0.4321718215942383
    },
    "layer_7": {
      "h_norm": 0.4196798503398895,
      "residual_norm": 0.0005613451357930899,
      "residual_inf_norm": 0.0005613451357930899,
      "h_t_norm": 0.4175671935081482,
      "h_x_norm": 0.38836097717285156,
      "h_xx_norm": 0.41945040225982666,
      "h_tt_norm": 0.4193914234638214
    }
  },
  "eval": {
    "layer_1": {
      "h_norm": 0.41375744342803955,
      "residual_norm": 0.4401546120643616,
      "residual_inf_norm": 0.4401546120643616,
      "h_t_norm": 0.46022894978523254,
      "h_x_norm": 0.41419050097465515,
      "h_xx_norm": 0.4550483822822571,
      "h_tt_norm": 0.48541736602783203
    },
    "layer_2": {
      "h_norm": 0.4140095114707947,
      "residual_norm": 0.3176298439502716,
      "residual_inf_norm": 0.3176298439502716,
      "h_t_norm": 0.4533628523349762,
      "h_x_norm": 0.4020758867263794,
      "h_xx_norm": 0.42484548687934875,
      "h_tt_norm": 0.4886054992675781
    },
    "layer_3": {
      "h_norm": 0.41569626331329346,
      "residual_norm": 0.3350394070148468,
      "residual_inf_norm": 0.3350394070148468,
      "h_t_norm": 0.44001251459121704,
      "h_x_norm": 0.4015007019042969,
      "h_xx_norm": 0.4595949053764343,
      "h_tt_norm": 0.4957845211029053
    },
    "layer_4": {
      "h_norm": 0.41777676343917847,
      "residual_norm": 0.1855538785457611,
      "residual_inf_norm": 0.1855538785457611,
      "h_t_norm": 0.4278663396835327,
      "h_x_norm": 0.389343798160553,
      "h_xx_norm": 0.4054645001888275,
      "h_tt_norm": 0.42840006947517395
    },
    "layer_5": {
      "h_norm": 0.41725683212280273,
      "residual_norm": 0.1401483416557312,
      "residual_inf_norm": 0.1401483416557312,
      "h_t_norm": 0.42534777522087097,
      "h_x_norm": 0.390615850687027,
      "h_xx_norm": 0.442315936088562,
      "h_tt_norm": 0.41597267985343933
    },
    "layer_6": {
      "h_norm": 0.41762444376945496,
      "residual_norm": 0.09671825170516968,
      "residual_inf_norm": 0.09671825170516968,
      "h_t_norm": 0.4176706373691559,
      "h_x_norm": 0.39099666476249695,
      "h_xx_norm": 0.41859742999076843,
      "h_tt_norm": 0.429882287979126
    },
    "layer_7": {
      "h_norm": 0.4168843626976013,
      "residual_norm": 0.0005698776221834123,
      "residual_inf_norm": 0.0005698776221834123,
      "h_t_norm": 0.4181290566921234,
      "h_x_norm": 0.38773924112319946,
      "h_xx_norm": 0.416668564081192,
      "h_tt_norm": 0.41659119725227356
    }
  },
  "layer_norms": {
    "layer_1": {
      "train_residual_l2": 0.4300346076488495,
      "eval_residual_l2": 0.4401546120643616,
      "train_residual_linf": 0.4300346076488495,
      "eval_residual_linf": 0.4401546120643616
    },
    "layer_2": {
      "train_residual_l2": 0.32254308462142944,
      "eval_residual_l2": 0.3176298439502716,
      "train_residual_linf": 0.32254308462142944,
      "eval_residual_linf": 0.3176298439502716
    },
    "layer_3": {
      "train_residual_l2": 0.33991798758506775,
      "eval_residual_l2": 0.3350394070148468,
      "train_residual_linf": 0.33991798758506775,
      "eval_residual_linf": 0.3350394070148468
    },
    "layer_4": {
      "train_residual_l2": 0.18339420855045319,
      "eval_residual_l2": 0.1855538785457611,
      "train_residual_linf": 0.18339420855045319,
      "eval_residual_linf": 0.1855538785457611
    },
    "layer_5": {
      "train_residual_l2": 0.13947920501232147,
      "eval_residual_l2": 0.1401483416557312,
      "train_residual_linf": 0.13947920501232147,
      "eval_residual_linf": 0.1401483416557312
    },
    "layer_6": {
      "train_residual_l2": 0.09555920213460922,
      "eval_residual_l2": 0.09671825170516968,
      "train_residual_linf": 0.09555920213460922,
      "eval_residual_linf": 0.09671825170516968
    },
    "layer_7": {
      "train_residual_l2": 0.0005613451357930899,
      "eval_residual_l2": 0.0005698776221834123,
      "train_residual_linf": 0.0005613451357930899,
      "eval_residual_linf": 0.0005698776221834123
    }
  },
  "ic": {
    "train": {
      "layer_1": {
        "l2": 0.09649032354354858,
        "linf": 0.09649032354354858
      },
      "layer_2": {
        "l2": 0.08622405678033829,
        "linf": 0.08622405678033829
      },
      "layer_3": {
        "l2": 0.055705927312374115,
        "linf": 0.055705927312374115
      },
      "layer_4": {
        "l2": 0.028806930407881737,
        "linf": 0.028806930407881737
      },
      "layer_5": {
        "l2": 0.026193570345640182,
        "linf": 0.026193570345640182
      },
      "layer_6": {
        "l2": 0.015996381640434265,
        "linf": 0.015996381640434265
      },
      "layer_7": {
        "l2": 8.585757313994691e-05,
        "linf": 8.585757313994691e-05
      }
    },
    "eval": {
      "layer_1": {
        "l2": 0.08916991949081421,
        "linf": 0.08916991949081421
      },
      "layer_2": {
        "l2": 0.07953701913356781,
        "linf": 0.07953701913356781
      },
      "layer_3": {
        "l2": 0.03463883697986603,
        "linf": 0.03463883697986603
      },
      "layer_4": {
        "l2": 0.03291555494070053,
        "linf": 0.03291555494070053
      },
      "layer_5": {
        "l2": 0.025931574404239655,
        "linf": 0.025931574404239655
      },
      "layer_6": {
        "l2": 0.0159508865326643,
        "linf": 0.0159508865326643
      },
      "layer_7": {
        "l2": 9.523093467578292e-05,
        "linf": 9.523093467578292e-05
      }
    }
  },
  "bc_value": {
    "train": {
      "layer_1": {
        "l2": 0.11226727813482285,
        "linf": 0.11226727813482285
      },
      "layer_2": {
        "l2": 0.07703562080860138,
        "linf": 0.07703562080860138
      },
      "layer_3": {
        "l2": 0.052308689802885056,
        "linf": 0.052308689802885056
      },
      "layer_4": {
        "l2": 0.03410864993929863,
        "linf": 0.03410864993929863
      },
      "layer_5": {
        "l2": 0.029968203976750374,
        "linf": 0.029968203976750374
      },