{
  "layers_analyzed": [
    "layer_1",
    "layer_2",
    "layer_3",
    "layer_4",
    "layer_5"
  ],
  "num_layers": 5,
  "train": {
    "layer_1": {
      "h_norm": 5.379880905151367,
      "residual_norm": 305.6192932128906,
      "residual_inf_norm": 305.6192932128906,
      "h_t_norm": 51.924888610839844,
      "h_x_norm": 40.33342742919922,
      "h_xx_norm": 284.0553894042969,
      "convection_norm": 297.5461730957031
    },
    "layer_2": {
      "h_norm": 0.5212287902832031,
      "residual_norm": 1.8453305959701538,
      "residual_inf_norm": 1.8453305959701538,
      "h_t_norm": 1.5107665061950684,
      "h_x_norm": 2.352229356765747,
      "h_xx_norm": 25.939912796020508,
      "convection_norm": 1.139726996421814
    },
    "layer_3": {
      "h_norm": 0.5454790592193604,
      "residual_norm": 2.960991621017456,
      "residual_inf_norm": 2.960991621017456,
      "h_t_norm": 2.5254197120666504,
      "h_x_norm": 3.6495048999786377,
      "h_xx_norm": 86.9292984008789,
      "convection_norm": 2.2681281566619873
    },
    "layer_4": {
      "h_norm": 0.5381120443344116,
      "residual_norm": 0.2760067284107208,
      "residual_inf_norm": 0.2760067284107208,
      "h_t_norm": 0.6199867725372314,
      "h_x_norm": 1.9685709476470947,
      "h_xx_norm": 73.45647430419922,
      "convection_norm": 0.9548077583312988
    },
    "layer_5": {
      "h_norm": 0.5383340120315552,
      "residual_norm": 0.01758608967065811,
      "residual_inf_norm": 0.01758608967065811,
      "h_t_norm": 0.6132476925849915,
      "h_x_norm": 1.8639775514602661,
      "h_xx_norm": 87.50190734863281,
      "convection_norm": 0.8777225613594055
    }
  },
  "eval": {
    "layer_1": {
      "h_norm": 5.49629020690918,
      "residual_norm": 323.3161315917969,
      "residual_inf_norm": 323.3161315917969,
      "h_t_norm": 52.568973541259766,
      "h_x_norm": 40.67335510253906,
      "h_xx_norm": 287.9627685546875,
      "convection_norm": 315.0470275878906
    },
    "layer_2": {
      "h_norm": 0.5242231488227844,
      "residual_norm": 1.8529242277145386,
      "residual_inf_norm": 1.8529242277145386,
      "h_t_norm": 1.5099745988845825,
      "h_x_norm": 2.349341630935669,
      "h_xx_norm": 26.39111328125,
      "convection_norm": 1.1281075477600098
    },
    "layer_3": {
      "h_norm": 0.5481152534484863,
      "residual_norm": 3.0028440952301025,
      "residual_inf_norm": 3.0028440952301025,
      "h_t_norm": 2.570791006088257,
      "h_x_norm": 3.7212746143341064,
      "h_xx_norm": 88.65338134765625,
      "convection_norm": 2.3219258785247803
    },
    "layer_4": {
      "h_norm": 0.5387236475944519,
      "residual_norm": 0.2974720001220703,
      "residual_inf_norm": 0.2974720001220703,
      "h_t_norm": 0.6243385076522827,
      "h_x_norm": 2.0123651027679443,
      "h_xx_norm": 77.28055572509766,
      "convection_norm": 0.9933678507804871
    },
    "layer_5": {
      "h_norm": 0.5391260981559753,
      "residual_norm": 0.018274474889039993,
      "residual_inf_norm": 0.018274474889039993,
      "h_t_norm": 0.6156034469604492,
      "h_x_norm": 1.8532850742340088,
      "h_xx_norm": 88.08673095703125,
      "convection_norm": 0.8825017213821411
    }
  },
  "layer_norms": {
    "layer_1": {
      "train_residual_l2": 305.6192932128906,
      "eval_residual_l2": 323.3161315917969,
      "train_residual_linf": 305.6192932128906,
      "eval_residual_linf": 323.3161315917969
    },
    "layer_2": {
      "train_residual_l2": 1.8453305959701538,
      "eval_residual_l2": 1.8529242277145386,
      "train_residual_linf": 1.8453305959701538,
      "eval_residual_linf": 1.8529242277145386
    },
    "layer_3": {
      "train_residual_l2": 2.960991621017456,
      "eval_residual_l2": 3.0028440952301025,
      "train_residual_linf": 2.960991621017456,
      "eval_residual_linf": 3.0028440952301025
    },
    "layer_4": {
      "train_residual_l2": 0.2760067284107208,
      "eval_residual_l2": 0.2974720001220703,
      "train_residual_linf": 0.2760067284107208,
      "eval_residual_linf": 0.2974720001220703
    },
    "layer_5": {
      "train_residual_l2": 0.01758608967065811,
      "eval_residual_l2": 0.018274474889039993,
      "train_residual_linf": 0.01758608967065811,
      "eval_residual_linf": 0.018274474889039993
    }
  },
  "ic": {
    "train": {
      "layer_1": {
        "l2": 10.854713439941406,
        "linf": 10.854713439941406
      },
      "layer_2": {
        "l2": 0.2574268579483032,
        "linf": 0.2574268579483032
      },
      "layer_3": {
        "l2": 0.49704602360725403,
        "linf": 0.49704602360725403
      },
      "layer_4": {
        "l2": 0.011869595386087894,
        "linf": 0.011869595386087894
      },
      "layer_5": {
        "l2": 0.0010608079610392451,
        "linf": 0.0010608079610392451
      }
    },
    "eval": {
      "layer_1": {
        "l2": 9.59469985961914,
        "linf": 9.59469985961914
      },
      "layer_2": {
        "l2": 0.27135226130485535,
        "linf": 0.27135226130485535
      },
      "layer_3": {
        "l2": 0.5553404092788696,
        "linf": 0.5553404092788696
      },
      "layer_4": {
        "l2": 0.010076778009533882,
        "linf": 0.010076778009533882
      },
      "layer_5": {
        "l2": 0.0012947219656780362,
        "linf": 0.0012947219656780362
      }
    }
  },
  "bc_value": {
    "train": {
      "layer_1": {
        "l2": 14.124863624572754,
        "linf": 14.124863624572754
      },
      "layer_2": {
        "l2": 0.1653011292219162,
        "linf": 0.1653011292219162
      },
      "layer_3": {
        "l2": 0.1772461086511612,
        "linf": 0.1772461086511612
      },
      "layer_4": {
        "l2": 0.003176276106387377,
        "linf": 0.003176276106387377
      },
      "layer_5": {
        "l2": 0.0005692890263162553,
        "linf": 0.0005692890263162553
      }
    },
    "eval": {
      "layer_1": {
        "l2": 14.537031173706055,
        "linf": 14.537031173706055
      },
      "layer_2": {
        "l2": 0.15577849745750427,
        "linf": 0.15577849745750427
      },
      "layer_3": {
        "l2": 0.1615089476108551,
        "linf": 0.1615089476108551
      },
      "layer_4": {
        "l2": 0.0024572289548814297,
        "linf": 0.0024572289548814297
      },
      "layer_5": {
        "l2": 0.0005067086312919855,
        "linf": 0.0005067086312919855
      }
    }
  },
  "bc_derivative": {
    "train": {},
    "eval": {}
  },
  "final_layer_train_residual": 0.01758608967065811,
  "final_layer_eval_residual": 0.018274474889039993,
  "final_layer_train_residual_inf": 0.01758608967065811,
  "final_layer_eval_residual_inf": 0.018274474889039993,
  "final_layer_train_ic": {
    "l2": 0.0010608079610392451,
    "linf": 0.0010608079610392451
  },
  "final_layer_eval_ic": {
    "l2": 0.0012947219656780362,
    "linf": 0.0012947219656780362
  },
  "final_layer_train_bc_value": {
    "l2": 0.0005692890263162553,
    "linf": 0.0005692890263162553
  },
  "final_layer_eval_bc_value": {
    "l2": 0.0005067086312919855,
    "linf": 0.0005067086312919855
  },
  "final_layer_train_bc_derivative": {},
  "final_layer_eval_bc_derivative": {}
}