{
  "layers_analyzed": [
    "layer_1",
    "layer_2",
    "layer_3",
    "layer_4",
    "layer_5"
  ],
  "num_layers": 5,
  "train": {
    "rel_l2": [
      11.639989852905273,
      0.31640884280204773,
      0.3407417833805084,
      0.027101343497633934,
      0.0032507849391549826
    ],
    "inf_norm": [
      49.32081604003906,
      1.1019539833068848,
      1.2996959686279297,
      0.22231483459472656,
      0.04067724943161011
    ]
  },
  "eval": {
    "rel_l2": [
      11.898909568786621,
      0.32250335812568665,
      0.34964609146118164,
      0.028021957725286484,
      0.0029145311564207077
    ],
    "inf_norm": [
      45.28533172607422,
      1.1017062664031982,
      1.210521936416626,
      0.2223149538040161,
      0.03996285796165466
    ]
  },
  "layer_dimensions": {
    "layer_1": 70,
    "layer_2": 70,
    "layer_3": 70,
    "layer_4": 70,
    "layer_5": 70
  }
}