{
  "layers_analyzed": [
    "layer_1",
    "layer_2",
    "layer_3",
    "layer_4",
    "layer_5"
  ],
  "num_layers": 5,
  "train": {
    "rel_l2": [
      0.9109795689582825,
      0.2909626364707947,
      0.3030811846256256,
      0.0374733991920948,
      0.006983004044741392
    ],
    "inf_norm": [
      2.5330810546875,
      0.9728072881698608,
      0.9181186556816101,
      0.322873055934906,
      0.09862842410802841
    ]
  },
  "eval": {
    "rel_l2": [
      0.9163463115692139,
      0.29492202401161194,
      0.3056895434856415,
      0.03983141481876373,
      0.007199847139418125
    ],
    "inf_norm": [
      2.50439453125,
      0.9676933884620667,
      0.8991043567657471,
      0.3227866291999817,
      0.08354663103818893
    ]
  },
  "layer_dimensions": {
    "layer_1": 70,
    "layer_2": 70,
    "layer_3": 70,
    "layer_4": 70,
    "layer_5": 70
  }
}