{
  "layers_analyzed": [
    "layer_1",
    "layer_2",
    "layer_3"
  ],
  "num_layers": 3,
  "train": {
    "rel_l2": [
      15.621582984924316,
      0.3504909873008728,
      0.09422703087329865
    ],
    "inf_norm": [
      110.21194458007812,
      2.0034995079040527,
      0.58709716796875
    ]
  },
  "eval": {
    "rel_l2": [
      16.66370964050293,
      0.37298905849456787,
      0.09482775628566742
    ],
    "inf_norm": [
      110.21649169921875,
      1.6975181102752686,
      0.4400672912597656
    ]
  },
  "layer_dimensions": {
    "layer_1": 120,
    "layer_2": 120,
    "layer_3": 120
  }
}