{
  "layers_analyzed": [
    "layer_1",
    "layer_2",
    "layer_3"
  ],
  "num_layers": 3,
  "train": {
    "layer_1": {
      "h_norm": 10.65628433227539,
      "residual_norm": 5590.640625,
      "residual_inf_norm": 5584.72216796875,
      "h_t_norm": 63.59370040893555,
      "h_x_norm": 30.63218879699707,
      "h_xx_norm": 96.45591735839844,
      "nonlinear_norm": 5607.96923828125
    },
    "layer_2": {
      "h_norm": 0.6624209880828857,
      "residual_norm": 4.070587158203125,
      "residual_inf_norm": 3.7420647144317627,
      "h_t_norm": 2.610067844390869,
      "h_x_norm": 1.4636867046356201,
      "h_xx_norm": 8.295957565307617,
      "nonlinear_norm": 1.7983494997024536
    },
    "layer_3": {
      "h_norm": 0.5948458313941956,
      "residual_norm": 1.411306619644165,
      "residual_inf_norm": 1.2360162734985352,
      "h_t_norm": 1.87600576877594,
      "h_x_norm": 0.7679628133773804,
      "h_xx_norm": 3.2339439392089844,
      "nonlinear_norm": 1.6356626749038696
    }
  },
  "eval": {
    "layer_1": {
      "h_norm": 11.31734561920166,
      "residual_norm": 8011.41064453125,
      "residual_inf_norm": 8005.8759765625,
      "h_t_norm": 68.892578125,
      "h_x_norm": 31.910573959350586,
      "h_xx_norm": 103.40302276611328,
      "nonlinear_norm": 8031.6728515625
    },
    "layer_2": {
      "h_norm": 0.6861575245857239,
      "residual_norm": 4.284377574920654,
      "residual_inf_norm": 3.9516563415527344,
      "h_t_norm": 2.761824369430542,
      "h_x_norm": 1.5483334064483643,
      "h_xx_norm": 8.781867027282715,
      "nonlinear_norm": 1.8249467611312866
    },
    "layer_3": {
      "h_norm": 0.6055845618247986,
      "residual_norm": 1.4860692024230957,
      "residual_inf_norm": 1.3061256408691406,
      "h_t_norm": 1.963159203529358,
      "h_x_norm": 0.8007820844650269,
      "h_xx_norm": 3.2620787620544434,
      "nonlinear_norm": 1.6364961862564087
    }
  },
  "layer_norms": {
    "layer_1": {
      "train_residual_l2": 5590.640625,
      "eval_residual_l2": 8011.41064453125,
      "train_residual_linf": 5584.72216796875,
      "eval_residual_linf": 8005.8759765625
    },
    "layer_2": {
      "train_residual_l2": 4.070587158203125,
      "eval_residual_l2": 4.284377574920654,
      "train_residual_linf": 3.7420647144317627,
      "eval_residual_linf": 3.9516563415527344
    },
    "layer_3": {
      "train_residual_l2": 1.411306619644165,
      "eval_residual_l2": 1.4860692024230957,
      "train_residual_linf": 1.2360162734985352,
      "eval_residual_linf": 1.3061256408691406
    }
  },
  "ic": {
    "train": {
      "layer_1": {
        "l2": 21.815996170043945,
        "linf": 21.789165496826172
      },
      "layer_2": {
        "l2": 0.4429265856742859,
        "linf": 0.41651859879493713
      },
      "layer_3": {
        "l2": 0.154208704829216,
        "linf": 0.13200660049915314
      }
    },
    "eval": {
      "layer_1": {
        "l2": 24.905269622802734,
        "linf": 24.896862030029297
      },
      "layer_2": {
        "l2": 0.5096332430839539,
        "linf": 0.47935789823532104
      },
      "layer_3": {
        "l2": 0.14028534293174744,
        "linf": 0.11915455758571625
      }
    }
  },
  "bc_value": {
    "train": {
      "layer_1": {
        "l2": 43.41606521606445,
        "linf": 43.404239654541016
      },
      "layer_2": {
        "l2": 0.6655786037445068,
        "linf": 0.6180206537246704
      },
      "layer_3": {
        "l2": 0.09298780560493469,
        "linf": 0.07944225519895554
      }
    },
    "eval": {
      "layer_1": {
        "l2": 50.06461715698242,
        "linf": 50.06171798706055
      },
      "layer_2": {
        "l2": 0.6655195355415344,
        "linf": 0.6232879757881165
      },
      "layer_3": {
        "l2": 0.060771286487579346,
        "linf": 0.05293235927820206
      }
    }
  },
  "bc_derivative": {
    "train": {
      "layer_1": {
        "l2": 69.10889434814453,
        "linf": 69.02359771728516
      },
      "layer_2": {
        "l2": 1.8810012340545654,
        "linf": 1.7075599431991577
      },
      "layer_3": {
        "l2": 0.2316136360168457,
        "linf": 0.21066704392433167
      }
    },
    "eval": {
      "layer_1": {
        "l2": 90.55619049072266,
        "linf": 90.4603271484375
      },
      "layer_2": {
        "l2": 1.593457818031311,
        "linf": 1.3921006917953491
      },
      "layer_3": {
        "l2": 0.21971483528614044,
        "linf": 0.2006201297044754
      }
    }
  },
  "final_layer_train_residual": 1.411306619644165,
  "final_layer_eval_residual": 1.4860692024230957,
  "final_layer_train_residual_inf": 1.2360162734985352,
  "final_layer_eval_residual_inf": 1.3061256408691406,
  "final_layer_train_ic": {
    "l2": 0.154208704829216,
    "linf": 0.13200660049915314
  },
  "final_layer_eval_ic": {
    "l2": 0.14028534293174744,
    "linf": 0.11915455758571625
  },
  "final_layer_train_bc_value": {
    "l2": 0.09298780560493469,
    "linf": 0.07944225519895554
  },
  "final_layer_eval_bc_value": {
    "l2": 0.060771286487579346,
    "linf": 0.05293235927820206
  },
  "final_layer_train_bc_derivative": {
    "l2": 0.2316136360168457,
    "linf": 0.21066704392433167
  },
  "final_layer_eval_bc_derivative": {
    "l2": 0.21971483528614044,
    "linf": 0.2006201297044754
  }
}