{
  "layers_analyzed": [
    "layer_1",
    "layer_2",
    "layer_3",
    "layer_4",
    "layer_5",
    "layer_6",
    "layer_7"
  ],
  "num_layers": 7,
  "train": {
    "rel_l2": [
      0.13892032206058502,
      0.08869101107120514,
      0.05749627202749252,
      0.040668684989213943,
      0.03631645813584328,
      0.02694145031273365,
      0.0002995682880282402
    ],
    "inf_norm": [
      0.6284184455871582,
      0.40260976552963257,
      0.19144433736801147,
      0.13739103078842163,
      0.10196572542190552,
      0.08062863349914551,
      0.004373311996459961
    ]
  },
  "eval": {
    "rel_l2": [
      0.13869255781173706,
      0.08842174708843231,
      0.057400066405534744,
      0.040897153317928314,
      0.03642258793115616,
      0.027198225259780884,
      0.00029155853553675115
    ],
    "inf_norm": [
      0.5993989109992981,
      0.346815824508667,
      0.15756165981292725,
      0.10955417156219482,
      0.10196572542190552,
      0.07591134309768677,
      0.0037830471992492676
    ]
  },
  "layer_dimensions": {
    "layer_1": 70,
    "layer_2": 70,
    "layer_3": 70,
    "layer_4": 70,
    "layer_5": 70,
    "layer_6": 70,
    "layer_7": 70
  }
}