{
  "bins": 5,
  "num_classes": 5,
  "num_samples": 4000,
  "layers_analyzed": [
    "layer_1",
    "layer_2",
    "layer_3",
    "layer_4",
    "layer_5"
  ],
  "layer_accuracies": {
    "layer_1": 0.511,
    "layer_2": 0.57175,
    "layer_3": 0.58,
    "layer_4": 0.618,
    "layer_5": 0.62725
  },
  "layer_compactness": {
    "layer_1": {
      "intra_class": 0.15748153924942015,
      "intra_class_std": 0.12912593705649797,
      "inter_class_mean": 0.2753262221813202,
      "inter_class_std": 0.11647803336381912
    },
    "layer_2": {
      "intra_class": 0.299348247051239,
      "intra_class_std": 0.2426902898845813,
      "inter_class_mean": 0.5984788537025452,
      "inter_class_std": 0.2790367603302002
    },
    "layer_3": {
      "intra_class": 0.275369319319725,
      "intra_class_std": 0.24993119336389152,
      "inter_class_mean": 0.6830579042434692,
      "inter_class_std": 0.3774785101413727
    },
    "layer_4": {
      "intra_class": 0.23830709457397461,
      "intra_class_std": 0.23363559139642137,
      "inter_class_mean": 0.6537807583808899,
      "inter_class_std": 0.3647336959838867
    },
    "layer_5": {
      "intra_class": 0.16797297596931457,
      "intra_class_std": 0.16377412542002076,
      "inter_class_mean": 0.476304829120636,
      "inter_class_std": 0.2389499992132187
    }
  },
  "layer_margins": {
    "layer_1": {
      "mean_margin": -0.01762477308511734,
      "std_margin": 0.13432319462299347,
      "fraction_positive": 0.511
    },
    "layer_2": {
      "mean_margin": -0.003965371288359165,
      "std_margin": 0.3071088492870331,
      "fraction_positive": 0.57175
    },
    "layer_3": {
      "mean_margin": 0.008270748890936375,
      "std_margin": 0.35853224992752075,
      "fraction_positive": 0.58
    },
    "layer_4": {
      "mean_margin": 0.035654645413160324,
      "std_margin": 0.3346070349216461,
      "fraction_positive": 0.618
    },
    "layer_5": {
      "mean_margin": 0.04194517061114311,
      "std_margin": 0.2129761129617691,
      "fraction_positive": 0.62725
    }
  }
}