{
  "bins": 5,
  "num_classes": 5,
  "num_samples": 4000,
  "layers_analyzed": [
    "layer_1",
    "layer_2",
    "layer_3",
    "layer_4",
    "layer_5"
  ],
  "layer_accuracies": {
    "layer_1": 0.6165,
    "layer_2": 0.85525,
    "layer_3": 0.8645,
    "layer_4": 0.874,
    "layer_5": 0.87275
  },
  "layer_compactness": {
    "layer_1": {
      "intra_class": 0.09752177000045777,
      "intra_class_std": 0.048795763463680114,
      "inter_class_mean": 0.23698675632476807,
      "inter_class_std": 0.13555440306663513
    },
    "layer_2": {
      "intra_class": 0.04133770652115345,
      "intra_class_std": 0.03604751636853779,
      "inter_class_mean": 0.30198532342910767,
      "inter_class_std": 0.16504445672035217
    },
    "layer_3": {
      "intra_class": 0.03521737977862358,
      "intra_class_std": 0.029392749802071575,
      "inter_class_mean": 0.27194520831108093,
      "inter_class_std": 0.1468542367219925
    },
    "layer_4": {
      "intra_class": 0.018150375038385392,
      "intra_class_std": 0.011947566180782956,
      "inter_class_mean": 0.15708370506763458,
      "inter_class_std": 0.08820637315511703
    },
    "layer_5": {
      "intra_class": 0.012041971273720264,
      "intra_class_std": 0.007560310240122993,
      "inter_class_mean": 0.10753432661294937,
      "inter_class_std": 0.06202364340424538
    }
  },
  "layer_margins": {
    "layer_1": {
      "mean_margin": 0.02080850675702095,
      "std_margin": 0.051348187029361725,
      "fraction_positive": 0.6165
    },
    "layer_2": {
      "mean_margin": 0.06410674005746841,
      "std_margin": 0.07981764525175095,
      "fraction_positive": 0.85525
    },
    "layer_3": {
      "mean_margin": 0.06880375742912292,
      "std_margin": 0.07602129876613617,
      "fraction_positive": 0.8645
    },
    "layer_4": {
      "mean_margin": 0.04840857908129692,
      "std_margin": 0.04416991025209427,
      "fraction_positive": 0.874
    },
    "layer_5": {
      "mean_margin": 0.034359078854322433,
      "std_margin": 0.031162675470113754,
      "fraction_positive": 0.87275
    }
  }
}