{
  "layers_analyzed": [
    "layer_1",
    "layer_2",
    "layer_3"
  ],
  "num_layers": 3,
  "train": {
    "rel_l2": [
      0.6807449460029602,
      0.051280926913022995,
      0.00251958379521966
    ],
    "inf_norm": [
      2.5936121940612793,
      0.2529609203338623,
      0.012554407119750977
    ]
  },
  "eval": {
    "rel_l2": [
      0.7223549485206604,
      0.05320136994123459,
      0.002525942400097847
    ],
    "inf_norm": [
      2.432349443435669,
      0.18950486183166504,
      0.009099483489990234
    ]
  },
  "layer_dimensions": {
    "layer_1": 120,
    "layer_2": 120,
    "layer_3": 120
  }
}