{
  "layers_analyzed": [
    "layer_1",
    "layer_2",
    "layer_3",
    "layer_4",
    "layer_5",
    "layer_6",
    "layer_7"
  ],
  "num_layers": 7,
  "train": {
    "rel_l2": [
      0.15209442377090454,
      0.120415598154068,
      0.1274590939283371,
      0.05594591051340103,
      0.03606961667537689,
      0.021399004384875298,
      0.013529149815440178
    ],
    "inf_norm": [
      0.5592275261878967,
      0.5766612887382507,
      0.5328869223594666,
      0.2704660892486572,
      0.18183016777038574,
      0.15985792875289917,
      0.14011836051940918
    ]
  },
  "eval": {
    "rel_l2": [
      0.15073442459106445,
      0.1215377002954483,
      0.12987469136714935,
      0.05656615272164345,
      0.03733379393815994,
      0.02168087475001812,
      0.013569008558988571
    ],
    "inf_norm": [
      0.5592256188392639,
      0.5014892816543579,
      0.46676337718963623,
      0.243716299533844,
      0.16640621423721313,
      0.15985769033432007,
      0.1383112072944641
    ]
  },
  "layer_dimensions": {
    "layer_1": 70,
    "layer_2": 70,
    "layer_3": 70,
    "layer_4": 70,
    "layer_5": 70,
    "layer_6": 70,
    "layer_7": 70
  }
}