{
  "layers_analyzed": [
    "layer_1",
    "layer_2",
    "layer_3",
    "layer_4",
    "layer_5"
  ],
  "num_layers": 5,
  "train": {
    "layer_1": {
      "h_norm": 0.5011370182037354,
      "residual_norm": 0.24181874096393585,
      "residual_inf_norm": 0.24181874096393585,
      "h_t_norm": 0.5353053212165833,
      "h_x0_norm": 0.5251964330673218,
      "h_x1_norm": 0.5277531147003174,
      "h_x0x0_norm": 1.1231976747512817,
      "h_x1x1_norm": 1.124110460281372,
      "convection_norm": 0.5265706181526184
    },
    "layer_2": {
      "h_norm": 0.4974711835384369,
      "residual_norm": 0.15421746671199799,
      "residual_inf_norm": 0.15421746671199799,
      "h_t_norm": 0.4786638915538788,
      "h_x0_norm": 0.4801817238330841,
      "h_x1_norm": 0.4969208240509033,
      "h_x0x0_norm": 1.206807255744934,
      "h_x1x1_norm": 1.3905248641967773,
      "convection_norm": 0.48256540298461914
    },
    "layer_3": {
      "h_norm": 0.49636805057525635,
      "residual_norm": 0.01827450841665268,
      "residual_inf_norm": 0.01827450841665268,
      "h_t_norm": 0.4641225039958954,
      "h_x0_norm": 0.4650381803512573,
      "h_x1_norm": 0.4639727771282196,
      "h_x0x0_norm": 1.0895239114761353,
      "h_x1x1_norm": 1.1196907758712769,
      "convection_norm": 0.4625196158885956
    },
    "layer_4": {
      "h_norm": 0.4963197410106659,
      "residual_norm": 0.00587453180924058,
      "residual_inf_norm": 0.00587453180924058,
      "h_t_norm": 0.4634898900985718,
      "h_x0_norm": 0.46313291788101196,
      "h_x1_norm": 0.46323370933532715,
      "h_x0x0_norm": 1.1103798151016235,
      "h_x1x1_norm": 1.111108660697937,
      "convection_norm": 0.46098554134368896
    },
    "layer_5": {
      "h_norm": 0.4963315427303314,
      "residual_norm": 0.019044285640120506,
      "residual_inf_norm": 0.019044285640120506,
      "h_t_norm": 0.46239691972732544,
      "h_x0_norm": 0.4624037444591522,
      "h_x1_norm": 0.46185073256492615,
      "h_x0x0_norm": 1.1249799728393555,
      "h_x1x1_norm": 1.1040945053100586,
      "convection_norm": 0.4597254991531372
    }
  },
  "eval": {
    "layer_1": {
      "h_norm": 0.5072771906852722,
      "residual_norm": 0.2445165514945984,
      "residual_inf_norm": 0.2445165514945984,
      "h_t_norm": 0.5395936369895935,
      "h_x0_norm": 0.5349973440170288,
      "h_x1_norm": 0.5350099802017212,
      "h_x0x0_norm": 1.140581488609314,
      "h_x1x1_norm": 1.1349633932113647,
      "convection_norm": 0.5447980165481567
    },
    "layer_2": {
      "h_norm": 0.5045016407966614,
      "residual_norm": 0.1535356640815735,
      "residual_inf_norm": 0.1535356640815735,
      "h_t_norm": 0.48415058851242065,
      "h_x0_norm": 0.48396286368370056,
      "h_x1_norm": 0.5032431483268738,
      "h_x0x0_norm": 1.2038241624832153,
      "h_x1x1_norm": 1.3986226320266724,
      "convection_norm": 0.4950970709323883
    },
    "layer_3": {
      "h_norm": 0.5031969547271729,
      "residual_norm": 0.0185907743871212,
      "residual_inf_norm": 0.0185907743871212,
      "h_t_norm": 0.4678279757499695,
      "h_x0_norm": 0.46867161989212036,
      "h_x1_norm": 0.4678126871585846,
      "h_x0x0_norm": 1.1127874851226807,
      "h_x1x1_norm": 1.1412006616592407,
      "convection_norm": 0.47346562147140503
    },
    "layer_4": {
      "h_norm": 0.503146767616272,
      "residual_norm": 0.0059992531314492226,
      "residual_inf_norm": 0.0059992531314492226,
      "h_t_norm": 0.46722403168678284,
      "h_x0_norm": 0.4668445289134979,
      "h_x1_norm": 0.4669378995895386,
      "h_x0x0_norm": 1.1350423097610474,
      "h_x1x1_norm": 1.1360529661178589,
      "convection_norm": 0.47194382548332214
    },
    "layer_5": {
      "h_norm": 0.5031682252883911,
      "residual_norm": 0.01892952062189579,
      "residual_inf_norm": 0.01892952062189579,
      "h_t_norm": 0.46608054637908936,
      "h_x0_norm": 0.46595653891563416,
      "h_x1_norm": 0.4653659760951996,
      "h_x0x0_norm": 1.148777961730957,
      "h_x1x1_norm": 1.1289613246917725,
      "convection_norm": 0.470578670501709
    }
  },
  "layer_norms": {
    "layer_1": {
      "train_residual_l2": 0.24181874096393585,
      "eval_residual_l2": 0.2445165514945984,
      "train_residual_linf": 0.24181874096393585,
      "eval_residual_linf": 0.2445165514945984
    },
    "layer_2": {
      "train_residual_l2": 0.15421746671199799,
      "eval_residual_l2": 0.1535356640815735,
      "train_residual_linf": 0.15421746671199799,
      "eval_residual_linf": 0.1535356640815735
    },
    "layer_3": {
      "train_residual_l2": 0.01827450841665268,
      "eval_residual_l2": 0.0185907743871212,
      "train_residual_linf": 0.01827450841665268,
      "eval_residual_linf": 0.0185907743871212
    },
    "layer_4": {
      "train_residual_l2": 0.00587453180924058,
      "eval_residual_l2": 0.0059992531314492226,
      "train_residual_linf": 0.00587453180924058,
      "eval_residual_linf": 0.0059992531314492226
    },
    "layer_5": {
      "train_residual_l2": 0.019044285640120506,
      "eval_residual_l2": 0.01892952062189579,
      "train_residual_linf": 0.019044285640120506,
      "eval_residual_linf": 0.01892952062189579
    }
  },
  "ic": {
    "train": {
      "layer_1": {
        "l2": 0.04674610495567322,
        "linf": 0.04674610495567322
      },
      "layer_2": {
        "l2": 0.016967231407761574,
        "linf": 0.016967231407761574
      },
      "layer_3": {
        "l2": 0.002450062893331051,
        "linf": 0.002450062893331051
      },
      "layer_4": {
        "l2": 0.0005619486910291016,
        "linf": 0.0005619486910291016
      },
      "layer_5": {
        "l2": 0.0020571365021169186,
        "linf": 0.0020571365021169186
      }
    },
    "eval": {
      "layer_1": {
        "l2": 0.04190271720290184,
        "linf": 0.04190271720290184
      },
      "layer_2": {
        "l2": 0.015344470739364624,
        "linf": 0.015344470739364624
      },
      "layer_3": {
        "l2": 0.0029601221904158592,
        "linf": 0.0029601221904158592
      },
      "layer_4": {
        "l2": 0.000580487831030041,
        "linf": 0.000580487831030041
      },
      "layer_5": {
        "l2": 0.0025293075013905764,
        "linf": 0.0025293075013905764
      }
    }
  },
  "bc_value": {
    "train": {
      "layer_1": {
        "l2": 0.043352216482162476,
        "linf": 0.043352216482162476
      },
      "layer_2": {
        "l2": 0.018033931031823158,
        "linf": 0.018033931031823158
      },
      "layer_3": {
        "l2": 0.0028114684391766787,
        "linf": 0.0028114684391766787
      },
      "layer_4": {
        "l2": 0.0004918663180433214,
        "linf": 0.0004918663180433214
      },
      "layer_5": {
        "l2": 0.002530026948079467,
        "linf": 0.002530026948079467
      }
    },
    "eval": {
      "layer_1": {
        "l2": 0.033102571964263916,
        "linf": 0.033102571964263916
      },
      "layer_2": {
        "l2": 0.016636552289128304,
        "linf": 0.016636552289128304
      },
      "layer_3": {
        "l2": 0.003061955561861396,
        "linf": 0.003061955561861396
      },
      "layer_4": {
        "l2": 0.00042298054904676974,
        "linf": 0.00042298054904676974
      },
      "layer_5": {
        "l2": 0.0022655182983726263,
        "linf": 0.0022655182983726263
      }
    }
  },
  "bc_derivative": {
    "train": {},
    "eval": {}
  },
  "final_layer_train_residual": 0.019044285640120506,
  "final_layer_eval_residual": 0.01892952062189579,
  "final_layer_train_residual_inf": 0.019044285640120506,
  "final_layer_eval_residual_inf": 0.01892952062189579,
  "final_layer_train_ic": {
    "l2": 0.0020571365021169186,
    "linf": 0.0020571365021169186
  },
  "final_layer_eval_ic": {
    "l2": 0.0025293075013905764,
    "linf": 0.0025293075013905764
  },
  "final_layer_train_bc_value": {
    "l2": 0.002530026948079467,
    "linf": 0.002530026948079467
  },