{
  "bins": 5,
  "num_classes": 18,
  "num_samples": 4432,
  "layers_analyzed": [
    "layer_1",
    "layer_2",
    "layer_3"
  ],
  "layer_accuracies": {
    "layer_1": 0.35379061371841153,
    "layer_2": 0.42351083032490977,
    "layer_3": 0.44517148014440433
  },
  "layer_compactness": {
    "layer_1": {
      "intra_class": 0.12501504506579508,
      "intra_class_std": 0.1613656937625882,
      "inter_class_mean": 0.08365799486637115,
      "inter_class_std": 0.06417249143123627
    },
    "layer_2": {
      "intra_class": 0.17168698881263536,
      "intra_class_std": 0.15729452795765653,
      "inter_class_mean": 0.1545066237449646,
      "inter_class_std": 0.09831350296735764
    },
    "layer_3": {
      "intra_class": 0.19838589989985728,
      "intra_class_std": 0.16146106972617674,
      "inter_class_mean": 0.20847070217132568,
      "inter_class_std": 0.10831468552350998
    }
  },
  "layer_margins": {
    "layer_1": {
      "mean_margin": -0.008798067457973957,
      "std_margin": 0.022484760731458664,
      "fraction_positive": 0.35379061371841153
    },
    "layer_2": {
      "mean_margin": -0.009323988109827042,
      "std_margin": 0.031739573925733566,
      "fraction_positive": 0.42351083032490977
    },
    "layer_3": {
      "mean_margin": -0.011848208494484425,
      "std_margin": 0.04001229628920555,
      "fraction_positive": 0.44517148014440433
    }
  }
}