{
  "layers_analyzed": [
    "layer_1",
    "layer_2",
    "layer_3",
    "layer_4",
    "layer_5"
  ],
  "num_layers": 5,
  "train": {
    "layer_1": {
      "h_norm": 0.4864906668663025,
      "residual_norm": 1.2502878904342651,
      "residual_inf_norm": 1.2502878904342651,
      "h_t_norm": 0.8377171754837036,
      "h_x_norm": 1.918954610824585,
      "h_xx_norm": 11.871285438537598,
      "convection_norm": 0.8612436056137085
    },
    "layer_2": {
      "h_norm": 0.5130689144134521,
      "residual_norm": 1.3027468919754028,
      "residual_inf_norm": 1.3027468919754028,
      "h_t_norm": 1.0448830127716064,
      "h_x_norm": 2.1128523349761963,
      "h_xx_norm": 17.47315788269043,
      "convection_norm": 1.002275824546814
    },
    "layer_3": {
      "h_norm": 0.5475743412971497,
      "residual_norm": 2.635634183883667,
      "residual_inf_norm": 2.635634183883667,
      "h_t_norm": 2.231278657913208,
      "h_x_norm": 3.185953378677368,
      "h_xx_norm": 63.0294189453125,
      "convection_norm": 1.7453298568725586
    },
    "layer_4": {
      "h_norm": 0.5375053882598877,
      "residual_norm": 0.3571021258831024,
      "residual_inf_norm": 0.3571021258831024,
      "h_t_norm": 0.6190048456192017,
      "h_x_norm": 1.9998680353164673,
      "h_xx_norm": 60.49327850341797,
      "convection_norm": 0.9846532344818115
    },
    "layer_5": {
      "h_norm": 0.538361132144928,
      "residual_norm": 0.0428939163684845,
      "residual_inf_norm": 0.0428939163684845,
      "h_t_norm": 0.6147842407226562,
      "h_x_norm": 1.8587024211883545,
      "h_xx_norm": 90.57344055175781,
      "convection_norm": 0.8799688816070557
    }
  },
  "eval": {
    "layer_1": {
      "h_norm": 0.48664626479148865,
      "residual_norm": 1.2537026405334473,
      "residual_inf_norm": 1.2537026405334473,
      "h_t_norm": 0.8333013653755188,
      "h_x_norm": 1.940232753753662,
      "h_xx_norm": 12.063908576965332,
      "convection_norm": 0.8733067512512207
    },
    "layer_2": {
      "h_norm": 0.5113727450370789,
      "residual_norm": 1.3060907125473022,
      "residual_inf_norm": 1.3060907125473022,
      "h_t_norm": 1.028059959411621,
      "h_x_norm": 2.120054006576538,
      "h_xx_norm": 17.594900131225586,
      "convection_norm": 0.9908567667007446
    },
    "layer_3": {
      "h_norm": 0.552710771560669,
      "residual_norm": 2.675945281982422,
      "residual_inf_norm": 2.675945281982422,
      "h_t_norm": 2.268826484680176,
      "h_x_norm": 3.216728925704956,
      "h_xx_norm": 63.829341888427734,
      "convection_norm": 1.8072547912597656
    },
    "layer_4": {
      "h_norm": 0.5380825996398926,
      "residual_norm": 0.3878926634788513,
      "residual_inf_norm": 0.3878926634788513,
      "h_t_norm": 0.619728684425354,
      "h_x_norm": 2.0394785404205322,
      "h_xx_norm": 60.47757339477539,
      "convection_norm": 1.00690495967865
    },
    "layer_5": {
      "h_norm": 0.5391189455986023,
      "residual_norm": 0.043111566454172134,
      "residual_inf_norm": 0.043111566454172134,
      "h_t_norm": 0.6154413819313049,
      "h_x_norm": 1.8466819524765015,
      "h_xx_norm": 90.97481536865234,
      "convection_norm": 0.8840046525001526
    }
  },
  "layer_norms": {
    "layer_1": {
      "train_residual_l2": 1.2502878904342651,
      "eval_residual_l2": 1.2537026405334473,
      "train_residual_linf": 1.2502878904342651,
      "eval_residual_linf": 1.2537026405334473
    },
    "layer_2": {
      "train_residual_l2": 1.3027468919754028,
      "eval_residual_l2": 1.3060907125473022,
      "train_residual_linf": 1.3027468919754028,
      "eval_residual_linf": 1.3060907125473022
    },
    "layer_3": {
      "train_residual_l2": 2.635634183883667,
      "eval_residual_l2": 2.675945281982422,
      "train_residual_linf": 2.635634183883667,
      "eval_residual_linf": 2.675945281982422
    },
    "layer_4": {
      "train_residual_l2": 0.3571021258831024,
      "eval_residual_l2": 0.3878926634788513,
      "train_residual_linf": 0.3571021258831024,
      "eval_residual_linf": 0.3878926634788513
    },
    "layer_5": {
      "train_residual_l2": 0.0428939163684845,
      "eval_residual_l2": 0.043111566454172134,
      "train_residual_linf": 0.0428939163684845,
      "eval_residual_linf": 0.043111566454172134
    }
  },
  "ic": {
    "train": {
      "layer_1": {
        "l2": 0.3230478763580322,
        "linf": 0.3230478763580322
      },
      "layer_2": {
        "l2": 0.2176062911748886,
        "linf": 0.2176062911748886
      },
      "layer_3": {
        "l2": 0.41789132356643677,
        "linf": 0.41789132356643677
      },
      "layer_4": {
        "l2": 0.014823120087385178,
        "linf": 0.014823120087385178
      },
      "layer_5": {
        "l2": 0.004123229067772627,
        "linf": 0.004123229067772627
      }
    },
    "eval": {
      "layer_1": {
        "l2": 0.31641873717308044,
        "linf": 0.31641873717308044
      },
      "layer_2": {
        "l2": 0.20208601653575897,
        "linf": 0.20208601653575897
      },
      "layer_3": {
        "l2": 0.37973645329475403,
        "linf": 0.37973645329475403
      },
      "layer_4": {
        "l2": 0.020591609179973602,
        "linf": 0.020591609179973602
      },
      "layer_5": {
        "l2": 0.004529294092208147,
        "linf": 0.004529294092208147
      }
    }
  },
  "bc_value": {
    "train": {
      "layer_1": {
        "l2": 0.3080741763114929,
        "linf": 0.3080741763114929
      },
      "layer_2": {
        "l2": 0.12198837101459503,
        "linf": 0.12198837101459503
      },
      "layer_3": {
        "l2": 0.261506050825119,
        "linf": 0.261506050825119
      },
      "layer_4": {
        "l2": 0.002494595944881439,
        "linf": 0.002494595944881439
      },
      "layer_5": {
        "l2": 0.002736433641985059,
        "linf": 0.002736433641985059
      }
    },
    "eval": {
      "layer_1": {
        "l2": 0.3330526649951935,
        "linf": 0.3330526649951935
      },
      "layer_2": {
        "l2": 0.12502147257328033,
        "linf": 0.12502147257328033
      },
      "layer_3": {
        "l2": 0.250647634267807,
        "linf": 0.250647634267807
      },
      "layer_4": {
        "l2": 0.00253654713742435,
        "linf": 0.00253654713742435
      },
      "layer_5": {
        "l2": 0.0027019253466278315,
        "linf": 0.0027019253466278315
      }
    }
  },
  "bc_derivative": {
    "train": {},
    "eval": {}
  },
  "final_layer_train_residual": 0.0428939163684845,
  "final_layer_eval_residual": 0.043111566454172134,
  "final_layer_train_residual_inf": 0.0428939163684845,
  "final_layer_eval_residual_inf": 0.043111566454172134,
  "final_layer_train_ic": {
    "l2": 0.004123229067772627,
    "linf": 0.004123229067772627
  },
  "final_layer_eval_ic": {
    "l2": 0.004529294092208147,
    "linf": 0.004529294092208147
  },
  "final_layer_train_bc_value": {
    "l2": 0.002736433641985059,
    "linf": 0.002736433641985059
  },
  "final_layer_eval_bc_value": {
    "l2": 0.0027019253466278315,
    "linf": 0.0027019253466278315
  },
  "final_layer_train_bc_derivative": {},
  "final_layer_eval_bc_derivative": {}
}