{
  "bins": 5,
  "num_classes": 5,
  "num_samples": 4000,
  "layers_analyzed": [
    "layer_1",
    "layer_2",
    "layer_3",
    "layer_4",
    "layer_5",
    "layer_6",
    "layer_7"
  ],
  "layer_accuracies": {
    "layer_1": 0.23225,
    "layer_2": 0.27575,
    "layer_3": 0.28625,
    "layer_4": 0.367,
    "layer_5": 0.41,
    "layer_6": 0.4345,
    "layer_7": 0.40225
  },
  "layer_compactness": {
    "layer_1": {
      "intra_class": 0.4354874134063721,
      "intra_class_std": 0.21899041635404395,
      "inter_class_mean": 0.32076922059059143,
      "inter_class_std": 0.32927006483078003
    },
    "layer_2": {
      "intra_class": 0.22821359634399413,
      "intra_class_std": 0.11458362976781696,
      "inter_class_mean": 0.15666143596172333,
      "inter_class_std": 0.142734557390213
    },
    "layer_3": {
      "intra_class": 0.2038896292448044,
      "intra_class_std": 0.10228572616419875,
      "inter_class_mean": 0.16409578919410706,
      "inter_class_std": 0.1388317346572876
    },
    "layer_4": {
      "intra_class": 0.2286098599433899,
      "intra_class_std": 0.11491700024167194,
      "inter_class_mean": 0.21165446937084198,
      "inter_class_std": 0.16337420046329498
    },
    "layer_5": {
      "intra_class": 0.30142599940299986,
      "intra_class_std": 0.15129056958326914,
      "inter_class_mean": 0.2811759114265442,
      "inter_class_std": 0.20639397203922272
    },
    "layer_6": {
      "intra_class": 0.35277954339981077,
      "intra_class_std": 0.17702373854378056,
      "inter_class_mean": 0.34590932726860046,
      "inter_class_std": 0.2480042725801468
    },
    "layer_7": {
      "intra_class": 0.32222142815589905,
      "intra_class_std": 0.16139455341406175,
      "inter_class_mean": 0.3401027321815491,
      "inter_class_std": 0.23455266654491425
    }
  },
  "layer_margins": {
    "layer_1": {
      "mean_margin": -0.11743573844432831,
      "std_margin": 0.191427543759346,
      "fraction_positive": 0.23225
    },
    "layer_2": {
      "mean_margin": -0.03928082063794136,
      "std_margin": 0.07107706367969513,
      "fraction_positive": 0.27575
    },
    "layer_3": {
      "mean_margin": -0.0272268895059824,
      "std_margin": 0.059402402490377426,
      "fraction_positive": 0.28625
    },
    "layer_4": {
      "mean_margin": -0.025087818503379822,
      "std_margin": 0.06478583067655563,
      "fraction_positive": 0.367
    },
    "layer_5": {
      "mean_margin": -0.030083145946264267,
      "std_margin": 0.08140841871500015,
      "fraction_positive": 0.41
    },
    "layer_6": {
      "mean_margin": -0.035051461309194565,
      "std_margin": 0.09893506020307541,
      "fraction_positive": 0.4345
    },
    "layer_7": {
      "mean_margin": -0.04583713039755821,
      "std_margin": 0.11090262234210968,
      "fraction_positive": 0.40225
    }
  }
}