{
  "layers_analyzed": [
    "layer_1",
    "layer_2",
    "layer_3",
    "layer_4",
    "layer_5"
  ],
  "num_layers": 5,
  "train": {
    "rel_l2": [
      0.04792003333568573,
      0.040457312017679214,
      0.004328457172960043,
      0.0007357373833656311,
      0.0010143086547031999
    ],
    "inf_norm": [
      0.20364058017730713,
      0.36462390422821045,
      0.015169024467468262,
      0.005575895309448242,
      0.003751099109649658
    ]
  },
  "eval": {
    "rel_l2": [
      0.0474947914481163,
      0.0406007319688797,
      0.004327555652707815,
      0.0007392651168629527,
      0.0010043655056506395
    ],
    "inf_norm": [
      0.18306267261505127,
      0.3226712942123413,
      0.014733552932739258,
      0.005575895309448242,
      0.0035483790561556816
    ]
  },
  "layer_dimensions": {
    "layer_1": 100,
    "layer_2": 100,
    "layer_3": 100,
    "layer_4": 100,
    "layer_5": 100
  }
}