{
  "layers_analyzed": [
    "layer_1",
    "layer_2",
    "layer_3"
  ],
  "num_layers": 3,
  "train": {
    "layer_1": {
      "h_norm": 1.7299697399139404,
      "residual_norm": 23.286598205566406,
      "residual_inf_norm": 20.93288230895996,
      "h_t_norm": 11.2014799118042,
      "h_x_norm": 4.451198101043701,
      "h_xx_norm": 13.998479843139648,
      "nonlinear_norm": 18.76003074645996
    },
    "layer_2": {
      "h_norm": 0.5952843427658081,
      "residual_norm": 1.0509486198425293,
      "residual_inf_norm": 0.9506081938743591,
      "h_t_norm": 1.8816959857940674,
      "h_x_norm": 0.7322736382484436,
      "h_xx_norm": 2.508559226989746,
      "nonlinear_norm": 1.6176135540008545
    },
    "layer_3": {
      "h_norm": 0.5908169746398926,
      "residual_norm": 0.133550226688385,
      "residual_inf_norm": 0.1208195760846138,
      "h_t_norm": 1.5911822319030762,
      "h_x_norm": 0.6785578727722168,
      "h_xx_norm": 1.7059911489486694,
      "nonlinear_norm": 1.62042236328125
    }
  },
  "eval": {
    "layer_1": {
      "h_norm": 1.8745449781417847,
      "residual_norm": 26.98456382751465,
      "residual_inf_norm": 24.04737091064453,
      "h_t_norm": 12.196636199951172,
      "h_x_norm": 4.9432806968688965,
      "h_xx_norm": 15.01733684539795,
      "nonlinear_norm": 22.007423400878906
    },
    "layer_2": {
      "h_norm": 0.6068812012672424,
      "residual_norm": 1.1340430974960327,
      "residual_inf_norm": 1.0239211320877075,
      "h_t_norm": 1.9300897121429443,
      "h_x_norm": 0.7586196660995483,
      "h_xx_norm": 2.5096285343170166,
      "nonlinear_norm": 1.635941743850708
    },
    "layer_3": {
      "h_norm": 0.6014081239700317,
      "residual_norm": 0.14030790328979492,
      "residual_inf_norm": 0.12643826007843018,
      "h_t_norm": 1.6287323236465454,
      "h_x_norm": 0.6972864270210266,
      "h_xx_norm": 1.56982421875,
      "nonlinear_norm": 1.615126371383667
    }
  },
  "layer_norms": {
    "layer_1": {
      "train_residual_l2": 23.286598205566406,
      "eval_residual_l2": 26.98456382751465,
      "train_residual_linf": 20.93288230895996,
      "eval_residual_linf": 24.04737091064453
    },
    "layer_2": {
      "train_residual_l2": 1.0509486198425293,
      "eval_residual_l2": 1.1340430974960327,
      "train_residual_linf": 0.9506081938743591,
      "eval_residual_linf": 1.0239211320877075
    },
    "layer_3": {
      "train_residual_l2": 0.133550226688385,
      "eval_residual_l2": 0.14030790328979492,
      "train_residual_linf": 0.1208195760846138,
      "eval_residual_linf": 0.12643826007843018
    }
  },
  "ic": {
    "train": {
      "layer_1": {
        "l2": 3.7297744750976562,
        "linf": 3.440521240234375
      },
      "layer_2": {
        "l2": 0.15214648842811584,
        "linf": 0.14355845749378204
      },
      "layer_3": {
        "l2": 0.009456681087613106,
        "linf": 0.008371884003281593
      }
    },
    "eval": {
      "layer_1": {
        "l2": 3.6797282695770264,
        "linf": 3.3461265563964844
      },
      "layer_2": {
        "l2": 0.12142753601074219,
        "linf": 0.11269617080688477
      },
      "layer_3": {
        "l2": 0.009848147630691528,
        "linf": 0.00891780760139227
      }
    }
  },
  "bc_value": {
    "train": {
      "layer_1": {
        "l2": 4.7434773445129395,
        "linf": 4.1646342277526855
      },
      "layer_2": {
        "l2": 0.08099236339330673,
        "linf": 0.07540536671876907
      },
      "layer_3": {
        "l2": 0.005609685555100441,
        "linf": 0.004945369902998209
      }
    },
    "eval": {
      "layer_1": {
        "l2": 3.931220293045044,
        "linf": 3.359750270843506
      },
      "layer_2": {
        "l2": 0.0734478160738945,
        "linf": 0.06721954047679901
      },
      "layer_3": {
        "l2": 0.004983339458703995,
        "linf": 0.004199552349746227
      }
    }
  },
  "bc_derivative": {
    "train": {
      "layer_1": {
        "l2": 13.092883110046387,
        "linf": 12.603209495544434
      },
      "layer_2": {
        "l2": 0.47949180006980896,
        "linf": 0.3964008688926697
      },
      "layer_3": {
        "l2": 0.036590997129678726,
        "linf": 0.034243885427713394
      }
    },
    "eval": {
      "layer_1": {
        "l2": 14.656634330749512,
        "linf": 14.083834648132324
      },
      "layer_2": {
        "l2": 0.5136528015136719,
        "linf": 0.4249265789985657
      },
      "layer_3": {
        "l2": 0.035796817392110825,
        "linf": 0.033501036465168
      }
    }
  },
  "final_layer_train_residual": 0.133550226688385,
  "final_layer_eval_residual": 0.14030790328979492,
  "final_layer_train_residual_inf": 0.1208195760846138,
  "final_layer_eval_residual_inf": 0.12643826007843018,
  "final_layer_train_ic": {
    "l2": 0.009456681087613106,
    "linf": 0.008371884003281593
  },
  "final_layer_eval_ic": {
    "l2": 0.009848147630691528,
    "linf": 0.00891780760139227
  },
  "final_layer_train_bc_value": {
    "l2": 0.005609685555100441,
    "linf": 0.004945369902998209
  },
  "final_layer_eval_bc_value": {
    "l2": 0.004983339458703995,
    "linf": 0.004199552349746227
  },
  "final_layer_train_bc_derivative": {
    "l2": 0.036590997129678726,
    "linf": 0.034243885427713394
  },
  "final_layer_eval_bc_derivative": {
    "l2": 0.035796817392110825,
    "linf": 0.033501036465168
  }
}