{
  "layers_analyzed": [
    "layer_1",
    "layer_2",
    "layer_3",
    "layer_4",
    "layer_5"
  ],
  "num_layers": 5,
  "train": {
    "rel_l2": [
      0.06166962906718254,
      0.9597826600074768,
      0.004037048667669296,
      0.0010321142617613077,
      0.0034560859203338623
    ],
    "inf_norm": [
      0.257074773311615,
      5.455018520355225,
      0.018889691680669785,
      0.00841975212097168,
      0.01439964771270752
    ]
  },
  "eval": {
    "rel_l2": [
      0.060937948524951935,
      0.9669110774993896,
      0.003927161917090416,
      0.0010164103005081415,
      0.003436249913647771
    ],
    "inf_norm": [
      0.2315698266029358,
      5.455018520355225,
      0.018889691680669785,
      0.007607102394104004,
      0.013618111610412598
    ]
  },
  "layer_dimensions": {
    "layer_1": 100,
    "layer_2": 100,
    "layer_3": 100,
    "layer_4": 100,
    "layer_5": 100
  }
}