{
  "layers_analyzed": [
    "layer_1",
    "layer_2",
    "layer_3",
    "layer_4",
    "layer_5"
  ],
  "num_layers": 5,
  "train": {
    "rel_l2": [
      0.3887738287448883,
      0.3212040960788727,
      0.09942565113306046,
      0.03394564241170883,
      0.004543342161923647
    ],
    "inf_norm": [
      0.9387754201889038,
      0.9661675095558167,
      0.6672595143318176,
      0.2966150641441345,
      0.06382426619529724
    ]
  },
  "eval": {
    "rel_l2": [
      0.3918091654777527,
      0.326649934053421,
      0.10193074494600296,
      0.035600025206804276,
      0.004308416973799467
    ],
    "inf_norm": [
      0.9312443733215332,
      0.9661598801612854,
      0.6584721803665161,
      0.2966153025627136,
      0.05986073613166809
    ]
  },
  "layer_dimensions": {
    "layer_1": 70,
    "layer_2": 70,
    "layer_3": 70,
    "layer_4": 70,
    "layer_5": 70
  }
}