{
  "layers_analyzed": [
    "layer_1",
    "layer_2",
    "layer_3",
    "layer_4",
    "layer_5"
  ],
  "num_layers": 5,
  "train": {
    "layer_1": {
      "h_norm": 0.6323986053466797,
      "residual_norm": 4.9974799156188965,
      "residual_inf_norm": 4.9974799156188965,
      "h_t_norm": 3.4221935272216797,
      "h_x_norm": 3.6975433826446533,
      "h_xx_norm": 25.96320152282715,
      "convection_norm": 2.5172274112701416
    },
    "layer_2": {
      "h_norm": 0.5151758193969727,
      "residual_norm": 1.3784403800964355,
      "residual_inf_norm": 1.3784403800964355,
      "h_t_norm": 1.1654189825057983,
      "h_x_norm": 2.2367687225341797,
      "h_xx_norm": 23.59723663330078,
      "convection_norm": 1.0534367561340332
    },
    "layer_3": {
      "h_norm": 0.5459489226341248,
      "residual_norm": 2.496122360229492,
      "residual_inf_norm": 2.496122360229492,
      "h_t_norm": 2.0648410320281982,
      "h_x_norm": 3.2220044136047363,
      "h_xx_norm": 64.86067199707031,
      "convection_norm": 1.7148232460021973
    },
    "layer_4": {
      "h_norm": 0.5379431247711182,
      "residual_norm": 0.3330327272415161,
      "residual_inf_norm": 0.3330327272415161,
      "h_t_norm": 0.6184185147285461,
      "h_x_norm": 1.9736409187316895,
      "h_xx_norm": 65.23676300048828,
      "convection_norm": 0.9588793516159058
    },
    "layer_5": {
      "h_norm": 0.5382891893386841,
      "residual_norm": 0.08746781200170517,
      "residual_inf_norm": 0.08746781200170517,
      "h_t_norm": 0.6133435368537903,
      "h_x_norm": 1.8746867179870605,
      "h_xx_norm": 89.90426635742188,
      "convection_norm": 0.8855352401733398
    }
  },
  "eval": {
    "layer_1": {
      "h_norm": 0.6321319937705994,
      "residual_norm": 5.021667003631592,
      "residual_inf_norm": 5.021667003631592,
      "h_t_norm": 3.382916212081909,
      "h_x_norm": 3.77516770362854,
      "h_xx_norm": 26.36732292175293,
      "convection_norm": 2.579288959503174
    },
    "layer_2": {
      "h_norm": 0.5134546160697937,
      "residual_norm": 1.3932090997695923,
      "residual_inf_norm": 1.3932090997695923,
      "h_t_norm": 1.1561150550842285,
      "h_x_norm": 2.224336862564087,
      "h_xx_norm": 23.711139678955078,
      "convection_norm": 1.0410308837890625
    },
    "layer_3": {
      "h_norm": 0.5444084405899048,
      "residual_norm": 2.4996626377105713,
      "residual_inf_norm": 2.4996626377105713,
      "h_t_norm": 2.037404775619507,
      "h_x_norm": 3.2722795009613037,
      "h_xx_norm": 65.91749572753906,
      "convection_norm": 1.7244173288345337
    },
    "layer_4": {
      "h_norm": 0.5386580228805542,
      "residual_norm": 0.3632732629776001,
      "residual_inf_norm": 0.3632732629776001,
      "h_t_norm": 0.6175657510757446,
      "h_x_norm": 2.0107522010803223,
      "h_xx_norm": 66.58576965332031,
      "convection_norm": 0.9872832298278809
    },
    "layer_5": {
      "h_norm": 0.5390713214874268,
      "residual_norm": 0.09209413081407547,
      "residual_inf_norm": 0.09209413081407547,
      "h_t_norm": 0.6162890791893005,
      "h_x_norm": 1.8788249492645264,
      "h_xx_norm": 93.95671844482422,
      "convection_norm": 0.8965176343917847
    }
  },
  "layer_norms": {
    "layer_1": {
      "train_residual_l2": 4.9974799156188965,
      "eval_residual_l2": 5.021667003631592,
      "train_residual_linf": 4.9974799156188965,
      "eval_residual_linf": 5.021667003631592
    },
    "layer_2": {
      "train_residual_l2": 1.3784403800964355,
      "eval_residual_l2": 1.3932090997695923,
      "train_residual_linf": 1.3784403800964355,
      "eval_residual_linf": 1.3932090997695923
    },
    "layer_3": {
      "train_residual_l2": 2.496122360229492,
      "eval_residual_l2": 2.4996626377105713,
      "train_residual_linf": 2.496122360229492,
      "eval_residual_linf": 2.4996626377105713
    },
    "layer_4": {
      "train_residual_l2": 0.3330327272415161,
      "eval_residual_l2": 0.3632732629776001,
      "train_residual_linf": 0.3330327272415161,
      "eval_residual_linf": 0.3632732629776001
    },
    "layer_5": {
      "train_residual_l2": 0.08746781200170517,
      "eval_residual_l2": 0.09209413081407547,
      "train_residual_linf": 0.08746781200170517,
      "eval_residual_linf": 0.09209413081407547
    }
  },
  "ic": {
    "train": {
      "layer_1": {
        "l2": 0.9307599663734436,
        "linf": 0.9307599663734436
      },
      "layer_2": {
        "l2": 0.1754152476787567,
        "linf": 0.1754152476787567
      },
      "layer_3": {
        "l2": 0.22148582339286804,
        "linf": 0.22148582339286804
      },
      "layer_4": {
        "l2": 0.016671255230903625,
        "linf": 0.016671255230903625
      },
      "layer_5": {
        "l2": 0.0034617152996361256,
        "linf": 0.0034617152996361256
      }
    },
    "eval": {
      "layer_1": {
        "l2": 0.9373160600662231,
        "linf": 0.9373160600662231
      },
      "layer_2": {
        "l2": 0.18029552698135376,
        "linf": 0.18029552698135376
      },
      "layer_3": {
        "l2": 0.15350285172462463,
        "linf": 0.15350285172462463
      },
      "layer_4": {
        "l2": 0.018303394317626953,
        "linf": 0.018303394317626953
      },
      "layer_5": {
        "l2": 0.003893832676112652,
        "linf": 0.003893832676112652
      }
    }
  },
  "bc_value": {
    "train": {
      "layer_1": {
        "l2": 1.1354261636734009,
        "linf": 1.1354261636734009
      },
      "layer_2": {
        "l2": 0.15171295404434204,
        "linf": 0.15171295404434204
      },
      "layer_3": {
        "l2": 0.20474037528038025,
        "linf": 0.20474037528038025
      },
      "layer_4": {
        "l2": 0.014591545797884464,
        "linf": 0.014591545797884464
      },
      "layer_5": {
        "l2": 0.0022123712114989758,
        "linf": 0.0022123712114989758
      }
    },
    "eval": {
      "layer_1": {
        "l2": 1.2281445264816284,
        "linf": 1.2281445264816284
      },
      "layer_2": {
        "l2": 0.1406695544719696,
        "linf": 0.1406695544719696
      },
      "layer_3": {
        "l2": 0.19221709668636322,
        "linf": 0.19221709668636322
      },
      "layer_4": {
        "l2": 0.014024188742041588,
        "linf": 0.014024188742041588
      },
      "layer_5": {
        "l2": 0.002101442776620388,
        "linf": 0.002101442776620388
      }
    }
  },
  "bc_derivative": {
    "train": {},
    "eval": {}
  },
  "final_layer_train_residual": 0.08746781200170517,
  "final_layer_eval_residual": 0.09209413081407547,
  "final_layer_train_residual_inf": 0.08746781200170517,
  "final_layer_eval_residual_inf": 0.09209413081407547,
  "final_layer_train_ic": {
    "l2": 0.0034617152996361256,
    "linf": 0.0034617152996361256
  },
  "final_layer_eval_ic": {
    "l2": 0.003893832676112652,
    "linf": 0.003893832676112652
  },
  "final_layer_train_bc_value": {
    "l2": 0.0022123712114989758,
    "linf": 0.0022123712114989758
  },
  "final_layer_eval_bc_value": {
    "l2": 0.002101442776620388,
    "linf": 0.002101442776620388
  },
  "final_layer_train_bc_derivative": {},
  "final_layer_eval_bc_derivative": {}
}