{
  "layers_analyzed": [
    "layer_1",
    "layer_2",
    "layer_3"
  ],
  "num_layers": 3,
  "train": {
    "rel_l2": [
      0.7218922972679138,
      0.11378026753664017,
      0.015518597327172756
    ],
    "inf_norm": [
      3.0820775032043457,
      0.8000919222831726,
      0.07432597875595093
    ]
  },
  "eval": {
    "rel_l2": [
      0.7513837218284607,
      0.11786766350269318,
      0.01625295914709568
    ],
    "inf_norm": [
      2.965100049972534,
      0.429592490196228,
      0.058466196060180664
    ]
  },
  "layer_dimensions": {
    "layer_1": 120,
    "layer_2": 120,
    "layer_3": 120
  }
}