{
  "bins": 5,
  "num_classes": 5,
  "num_samples": 4000,
  "layers_analyzed": [
    "layer_1",
    "layer_2",
    "layer_3",
    "layer_4",
    "layer_5"
  ],
  "layer_accuracies": {
    "layer_1": 0.50125,
    "layer_2": 0.55875,
    "layer_3": 0.5705,
    "layer_4": 0.59975,
    "layer_5": 0.6365
  },
  "layer_compactness": {
    "layer_1": {
      "intra_class": 0.15606290996074676,
      "intra_class_std": 0.12475645621530064,
      "inter_class_mean": 0.2690041959285736,
      "inter_class_std": 0.1123122051358223
    },
    "layer_2": {
      "intra_class": 0.2946012854576111,
      "intra_class_std": 0.23418711322448962,
      "inter_class_mean": 0.5570709109306335,
      "inter_class_std": 0.24364933371543884
    },
    "layer_3": {
      "intra_class": 0.2803436636924744,
      "intra_class_std": 0.2514788639976728,
      "inter_class_mean": 0.6800222992897034,
      "inter_class_std": 0.36299100518226624
    },
    "layer_4": {
      "intra_class": 0.22429109513759612,
      "intra_class_std": 0.21832441717695808,
      "inter_class_mean": 0.6187494397163391,
      "inter_class_std": 0.35932931303977966
    },
    "layer_5": {
      "intra_class": 0.1361803650856018,
      "intra_class_std": 0.1305945411875078,
      "inter_class_mean": 0.3974577486515045,
      "inter_class_std": 0.21783708035945892
    }
  },
  "layer_margins": {
    "layer_1": {
      "mean_margin": -0.018634339794516563,
      "std_margin": 0.1283908486366272,
      "fraction_positive": 0.50125
    },
    "layer_2": {
      "mean_margin": -0.010577425360679626,
      "std_margin": 0.28341415524482727,
      "fraction_positive": 0.55875
    },
    "layer_3": {
      "mean_margin": 0.010769128799438477,
      "std_margin": 0.36780279874801636,
      "fraction_positive": 0.5705
    },
    "layer_4": {
      "mean_margin": 0.02578689716756344,
      "std_margin": 0.3252664804458618,
      "fraction_positive": 0.59975
    },
    "layer_5": {
      "mean_margin": 0.03591632843017578,
      "std_margin": 0.1756523698568344,
      "fraction_positive": 0.6365
    }
  }
}